{"mean":{"confidence_interval":{"confidence_level":0.95,"lower_bound":1593075198.9816666,"upper_bound":1609216943.7333333},"point_estimate":1600733174.2666667,"standard_error":4115171.791768043},"median":{"confidence_interval":{"confidence_level":0.95,"lower_bound":1591851665.0,"upper_bound":1604021244.0},"point_estimate":1602909289.0,"standard_error":4889773.849424005},"median_abs_dev":{"confidence_interval":{"confidence_level":0.95,"lower_bound":1699504.3498277664,"upper_bound":23427703.786075115},"point_estimate":14379753.453308344,"standard_error":4473112.837889992},"slope":null,"std_dev":{"confidence_interval":{"confidence_level":0.95,"lower_bound":8779524.293236468,"upper_bound":22556949.775876988},"point_estimate":16547748.805377832,"standard_error":3710034.6098426166}}