{"mean":{"confidence_interval":{"confidence_level":0.95,"lower_bound":641871426.4183334,"upper_bound":648270513.8},"point_estimate":644925647.2,"standard_error":1627683.5059232488},"median":{"confidence_interval":{"confidence_level":0.95,"lower_bound":640167459.0,"upper_bound":647467459.0},"point_estimate":644843958.0,"standard_error":1942515.4184259365},"median_abs_dev":{"confidence_interval":{"confidence_level":0.95,"lower_bound":2682270.9465801716,"upper_bound":10651985.622489452},"point_estimate":6888344.802707434,"standard_error":1946160.0486671566},"slope":null,"std_dev":{"confidence_interval":{"confidence_level":0.95,"lower_bound":3776425.0163422422,"upper_bound":8655395.266469091},"point_estimate":6537299.779459845,"standard_error":1304668.4721540916}}