{"mean":{"confidence_interval":{"confidence_level":0.95,"lower_bound":1457274447.1366665,"upper_bound":1616030060.45},"point_estimate":1531138155.4666667,"standard_error":41051470.6825607},"median":{"confidence_interval":{"confidence_level":0.95,"lower_bound":1431591083.0,"upper_bound":1561348125.0},"point_estimate":1451952208.0,"standard_error":29490631.540594976},"median_abs_dev":{"confidence_interval":{"confidence_level":0.95,"lower_bound":11521901.157045364,"upper_bound":74815145.19676566},"point_estimate":30187403.389066458,"standard_error":27269292.459236205},"slope":null,"std_dev":{"confidence_interval":{"confidence_level":0.95,"lower_bound":42870737.00094823,"upper_bound":202809753.7303602},"point_estimate":165218846.86175913,"standard_error":36547272.57543761}}