{"mean":{"confidence_interval":{"confidence_level":0.95,"lower_bound":2860229496.8333335,"upper_bound":2879036776.166667},"point_estimate":2869622100.0,"standard_error":4817869.221126728},"median":{"confidence_interval":{"confidence_level":0.95,"lower_bound":2856312900.0,"upper_bound":2889369200.0},"point_estimate":2863004200.0,"standard_error":10469680.558720414},"median_abs_dev":{"confidence_interval":{"confidence_level":0.95,"lower_bound":5865017.23587513,"upper_bound":33102899.17230606},"point_estimate":24359858.867526054,"standard_error":7943108.847905122},"slope":null,"std_dev":{"confidence_interval":{"confidence_level":0.95,"lower_bound":14402486.501161689,"upper_bound":22061129.879894536},"point_estimate":19302960.522750314,"standard_error":1956665.7870662592}}