{"mean":{"confidence_interval":{"confidence_level":0.95,"lower_bound":10475006900.436668,"upper_bound":10566854455.513332},"point_estimate":10512575374.866667,"standard_error":24180652.86961447},"median":{"confidence_interval":{"confidence_level":0.95,"lower_bound":10460260458.0,"upper_bound":10528952833.0},"point_estimate":10494051250.0,"standard_error":17172680.903057974},"median_abs_dev":{"confidence_interval":{"confidence_level":0.95,"lower_bound":19066729.367297888,"upper_bound":80502707.07659125},"point_estimate":50098227.32977867,"standard_error":15351648.795873249},"slope":null,"std_dev":{"confidence_interval":{"confidence_level":0.95,"lower_bound":28699852.925102852,"upper_bound":150169457.41194886},"point_estimate":96933543.27541691,"standard_error":38149989.938298754}}