{"mean":{"confidence_interval":{"confidence_level":0.95,"lower_bound":660674119.4666667,"upper_bound":673918785.0250001},"point_estimate":667014097.1333333,"standard_error":3395478.6844877126},"median":{"confidence_interval":{"confidence_level":0.95,"lower_bound":659578334.0,"upper_bound":669092333.0},"point_estimate":663892417.0,"standard_error":3119034.0800704425},"median_abs_dev":{"confidence_interval":{"confidence_level":0.95,"lower_bound":2752632.17613101,"upper_bound":23708441.504091024},"point_estimate":7709395.324730873,"standard_error":4902062.465367425},"slope":null,"std_dev":{"confidence_interval":{"confidence_level":0.95,"lower_bound":7486954.908592122,"upper_bound":17253750.839560308},"point_estimate":13663686.989273895,"standard_error":2454886.4508335716}}