{"mean":{"confidence_interval":{"confidence_level":0.95,"lower_bound":1487198769.2666667,"upper_bound":1611698825.4016666},"point_estimate":1543050544.4666667,"standard_error":32028818.13710687},"median":{"confidence_interval":{"confidence_level":0.95,"lower_bound":1457711833.0,"upper_bound":1558088666.0},"point_estimate":1480433291.0,"standard_error":28000617.46250172},"median_abs_dev":{"confidence_interval":{"confidence_level":0.95,"lower_bound":11367526.917386055,"upper_bound":135996425.5739808},"point_estimate":39243184.8148942,"standard_error":33416021.987408586},"slope":null,"std_dev":{"confidence_interval":{"confidence_level":0.95,"lower_bound":38335827.2232668,"upper_bound":170020144.30907747},"point_estimate":128290989.99671432,"standard_error":31448573.210641928}}