{"mean":{"confidence_interval":{"confidence_level":0.95,"lower_bound":1921986089.5,"upper_bound":2004449600.0},"point_estimate":1964424320.0,"standard_error":21125995.45404727},"median":{"confidence_interval":{"confidence_level":0.95,"lower_bound":1884006100.0,"upper_bound":2028239400.0},"point_estimate":1986232300.0,"standard_error":41342146.83301354},"median_abs_dev":{"confidence_interval":{"confidence_level":0.95,"lower_bound":6730114.320516586,"upper_bound":112269586.4868164},"point_estimate":69990134.77742672,"standard_error":32800322.46976446},"slope":null,"std_dev":{"confidence_interval":{"confidence_level":0.95,"lower_bound":43577522.97804199,"upper_bound":80279573.64390676},"point_estimate":70453484.53468825,"standard_error":9480057.501715098}}