{"mean":{"confidence_interval":{"confidence_level":0.95,"lower_bound":939735191.4816667,"upper_bound":961549571.1616666},"point_estimate":950091058.5333333,"standard_error":5614318.797052562},"median":{"confidence_interval":{"confidence_level":0.95,"lower_bound":933125459.0,"upper_bound":950651834.0},"point_estimate":948727209.0,"standard_error":6539526.887458525},"median_abs_dev":{"confidence_interval":{"confidence_level":0.95,"lower_bound":2853448.974341154,"upper_bound":34247564.203584194},"point_estimate":23131154.139339924,"standard_error":7477573.7951073395},"slope":null,"std_dev":{"confidence_interval":{"confidence_level":0.95,"lower_bound":12409562.937703673,"upper_bound":28475151.12081096},"point_estimate":22456441.553217076,"standard_error":4081899.5770371067}}