{"mean":{"confidence_interval":{"confidence_level":0.95,"lower_bound":1231696021.8916667,"upper_bound":1236595305.9683332},"point_estimate":1233946691.6,"standard_error":1260202.1007764116},"median":{"confidence_interval":{"confidence_level":0.95,"lower_bound":1229530708.0,"upper_bound":1233978625.0},"point_estimate":1233777459.0,"standard_error":1256888.0709171847},"median_abs_dev":{"confidence_interval":{"confidence_level":0.95,"lower_bound":204103.60797643661,"upper_bound":6840716.278553009},"point_estimate":4691872.941702604,"standard_error":1624570.1419200695},"slope":null,"std_dev":{"confidence_interval":{"confidence_level":0.95,"lower_bound":2497673.578616221,"upper_bound":7079445.570260705},"point_estimate":5063193.884926684,"standard_error":1266310.4903024852}}