{"mean":{"confidence_interval":{"confidence_level":0.95,"lower_bound":1777419639.6083333,"upper_bound":1791720471.245},"point_estimate":1783131794.4666667,"standard_error":3814327.2154175728},"median":{"confidence_interval":{"confidence_level":0.95,"lower_bound":1776012958.0,"upper_bound":1784925875.0},"point_estimate":1781308042.0,"standard_error":2172461.4617038295},"median_abs_dev":{"confidence_interval":{"confidence_level":0.95,"lower_bound":328025.2441763878,"upper_bound":10001557.153236866},"point_estimate":6315442.968678474,"standard_error":2070254.8894615644},"slope":null,"std_dev":{"confidence_interval":{"confidence_level":0.95,"lower_bound":4105957.5430641687,"upper_bound":23955163.34545613},"point_estimate":15202059.15078314,"standard_error":6415971.785213055}}