{"mean":{"confidence_interval":{"confidence_level":0.95,"lower_bound":2003818060.0733335,"upper_bound":2109415197.2666667},"point_estimate":2046840930.6,"standard_error":27744053.2986017},"median":{"confidence_interval":{"confidence_level":0.95,"lower_bound":1994600666.0,"upper_bound":2033129250.0},"point_estimate":2013020583.0,"standard_error":12866823.171012266},"median_abs_dev":{"confidence_interval":{"confidence_level":0.95,"lower_bound":16049082.44587183,"upper_bound":80504807.92075396},"point_estimate":29813109.16491151,"standard_error":16914217.497722186},"slope":null,"std_dev":{"confidence_interval":{"confidence_level":0.95,"lower_bound":23168645.303860053,"upper_bound":169552049.8418279},"point_estimate":110869236.49369055,"standard_error":43491856.73342953}}