{"mean":{"confidence_interval":{"confidence_level":0.95,"lower_bound":6654578999.951667,"upper_bound":6701786044.751667},"point_estimate":6677942755.666667,"standard_error":12002887.514420975},"median":{"confidence_interval":{"confidence_level":0.95,"lower_bound":6655387820.0,"upper_bound":6704150083.0},"point_estimate":6673530878.0,"standard_error":10255838.786845455},"median_abs_dev":{"confidence_interval":{"confidence_level":0.95,"lower_bound":3713607.5184702873,"upper_bound":83600811.7333889},"point_estimate":43356550.212067366,"standard_error":22125529.91072953},"slope":null,"std_dev":{"confidence_interval":{"confidence_level":0.95,"lower_bound":28233444.708416447,"upper_bound":61949102.45616934},"point_estimate":48116950.12581477,"standard_error":8621085.600715127}}