{"mean":{"confidence_interval":{"confidence_level":0.95,"lower_bound":1688105790.8266668,"upper_bound":1731467393.4883332},"point_estimate":1708754905.6,"standard_error":11134392.871790353},"median":{"confidence_interval":{"confidence_level":0.95,"lower_bound":1673604791.0,"upper_bound":1743995875.0},"point_estimate":1685337542.0,"standard_error":19188613.532852612},"median_abs_dev":{"confidence_interval":{"confidence_level":0.95,"lower_bound":6633708.257228136,"upper_bound":72071718.48387122},"point_estimate":20700060.832500458,"standard_error":19683869.10382657},"slope":null,"std_dev":{"confidence_interval":{"confidence_level":0.95,"lower_bound":26829802.776794277,"upper_bound":55242709.07153081},"point_estimate":44651506.59518862,"standard_error":7278511.287096023}}