{"mean":{"confidence_interval":{"confidence_level":0.95,"lower_bound":3133354125.59,"upper_bound":3153201972.0},"point_estimate":3143249735.0,"standard_error":5086253.317116082},"median":{"confidence_interval":{"confidence_level":0.95,"lower_bound":3131928616.0,"upper_bound":3161515243.0},"point_estimate":3141499772.0,"standard_error":5153486.047090404},"median_abs_dev":{"confidence_interval":{"confidence_level":0.95,"lower_bound":4129673.9968836308,"upper_bound":36329923.30981493},"point_estimate":14190195.633673668,"standard_error":9616819.649542097},"slope":null,"std_dev":{"confidence_interval":{"confidence_level":0.95,"lower_bound":12904724.302953491,"upper_bound":25197071.149492238},"point_estimate":20321848.68505864,"standard_error":3131001.805984099}}