{"mean":{"confidence_interval":{"confidence_level":0.95,"lower_bound":2949634088.8333335,"upper_bound":3075152888.1666665},"point_estimate":3000186800.0,"standard_error":33549937.65997003},"median":{"confidence_interval":{"confidence_level":0.95,"lower_bound":2933278700.0,"upper_bound":3014833300.0},"point_estimate":2962555400.0,"standard_error":18126355.67503755},"median_abs_dev":{"confidence_interval":{"confidence_level":0.95,"lower_bound":20805325.430631638,"upper_bound":96341125.40960312},"point_estimate":49916175.91381073,"standard_error":20550227.879606977},"slope":null,"std_dev":{"confidence_interval":{"confidence_level":0.95,"lower_bound":33709364.601912245,"upper_bound":210888684.2160631},"point_estimate":135221607.69061387,"standard_error":55997777.92648346}}