{"mean":{"confidence_interval":{"confidence_level":0.95,"lower_bound":1617687163.1283333,"upper_bound":1633422363.9333334},"point_estimate":1624582700.0666666,"standard_error":4085576.4599574893},"median":{"confidence_interval":{"confidence_level":0.95,"lower_bound":1616032125.0,"upper_bound":1625674417.0},"point_estimate":1620299458.0,"standard_error":2286803.659560959},"median_abs_dev":{"confidence_interval":{"confidence_level":0.95,"lower_bound":2164842.0731663704,"upper_bound":14295661.865401268},"point_estimate":7968914.071923494,"standard_error":3028586.4283212596},"slope":null,"std_dev":{"confidence_interval":{"confidence_level":0.95,"lower_bound":4562094.968631657,"upper_bound":23034894.331713714},"point_estimate":16398521.474298928,"standard_error":5000564.157410421}}