{"mean":{"confidence_interval":{"confidence_level":0.95,"lower_bound":2477932286.645,"upper_bound":2502333086.17},"point_estimate":2490066292.8,"standard_error":6223587.946210265},"median":{"confidence_interval":{"confidence_level":0.95,"lower_bound":2469535511.0,"upper_bound":2503401871.0},"point_estimate":2490180263.0,"standard_error":9569197.494208166},"median_abs_dev":{"confidence_interval":{"confidence_level":0.95,"lower_bound":7225765.282917023,"upper_bound":38264360.451471806},"point_estimate":30607908.771800995,"standard_error":7724073.04431015},"slope":null,"std_dev":{"confidence_interval":{"confidence_level":0.95,"lower_bound":16590659.04489442,"upper_bound":31112317.310403127},"point_estimate":25064948.71234923,"standard_error":3724813.8650859385}}