{"mean":{"confidence_interval":{"confidence_level":0.95,"lower_bound":2025203133.2,"upper_bound":2057048130.3716667},"point_estimate":2042285172.2,"standard_error":8162011.059125698},"median":{"confidence_interval":{"confidence_level":0.95,"lower_bound":2023390291.0,"upper_bound":2068084458.0},"point_estimate":2055649959.0,"standard_error":8319329.583988553},"median_abs_dev":{"confidence_interval":{"confidence_level":0.95,"lower_bound":7561876.6273498535,"upper_bound":48447042.395693064},"point_estimate":18552390.232229233,"standard_error":9851710.283833398},"slope":null,"std_dev":{"confidence_interval":{"confidence_level":0.95,"lower_bound":15672965.927396286,"upper_bound":40901561.06199052},"point_estimate":32669269.707383405,"standard_error":6234764.072467124}}