{"mean":{"confidence_interval":{"confidence_level":0.95,"lower_bound":1926365679.2649999,"upper_bound":1964008154.28},"point_estimate":1943223622.2,"standard_error":9661561.585930036},"median":{"confidence_interval":{"confidence_level":0.95,"lower_bound":1921352666.0,"upper_bound":1953422333.0},"point_estimate":1926103042.0,"standard_error":8013870.596390936},"median_abs_dev":{"confidence_interval":{"confidence_level":0.95,"lower_bound":4073753.2910764217,"upper_bound":40503580.11751771},"point_estimate":14633509.334403276,"standard_error":9764924.333044322},"slope":null,"std_dev":{"confidence_interval":{"confidence_level":0.95,"lower_bound":12953481.880745169,"upper_bound":51261099.645299725},"point_estimate":38753196.389466405,"standard_error":9990844.727295086}}