{"mean":{"confidence_interval":{"confidence_level":0.95,"lower_bound":1722308054.1666667,"upper_bound":1748689357.8333333},"point_estimate":1735285640.0,"standard_error":6725637.262205535},"median":{"confidence_interval":{"confidence_level":0.95,"lower_bound":1716282000.0,"upper_bound":1749128600.0},"point_estimate":1727155400.0,"standard_error":9081130.93354137},"median_abs_dev":{"confidence_interval":{"confidence_level":0.95,"lower_bound":3992789.9891138077,"upper_bound":45619156.410098076},"point_estimate":26668415.286540985,"standard_error":9642219.965815024},"slope":null,"std_dev":{"confidence_interval":{"confidence_level":0.95,"lower_bound":17042018.3250051,"upper_bound":33522093.31985655},"point_estimate":26890961.449496105,"standard_error":4179470.643400618}}