{"mean":{"confidence_interval":{"confidence_level":0.95,"lower_bound":636897728.9333333,"upper_bound":640393200.1333333},"point_estimate":638467322.2666667,"standard_error":899819.2259982661},"median":{"confidence_interval":{"confidence_level":0.95,"lower_bound":636407459.0,"upper_bound":639774250.0},"point_estimate":637284583.0,"standard_error":1003735.0677235515},"median_abs_dev":{"confidence_interval":{"confidence_level":0.95,"lower_bound":773608.8054656982,"upper_bound":3927530.386072397},"point_estimate":2627106.3667595387,"standard_error":821220.9255258213},"slope":null,"std_dev":{"confidence_interval":{"confidence_level":0.95,"lower_bound":1544082.6813142495,"upper_bound":5256624.541216234},"point_estimate":3600423.039999912,"standard_error":1072749.7207425418}}