{"mean":{"confidence_interval":{"confidence_level":0.95,"lower_bound":1477853195.4116669,"upper_bound":1492082137.9850001},"point_estimate":1484625761.1333334,"standard_error":3637981.800221681},"median":{"confidence_interval":{"confidence_level":0.95,"lower_bound":1474863816.0,"upper_bound":1496889206.0},"point_estimate":1482394659.0,"standard_error":4651942.429160896},"median_abs_dev":{"confidence_interval":{"confidence_level":0.95,"lower_bound":528068.0108249187,"upper_bound":21489615.00068307},"point_estimate":11290016.590762138,"standard_error":4969424.320554874},"slope":null,"std_dev":{"confidence_interval":{"confidence_level":0.95,"lower_bound":8189570.547497153,"upper_bound":18910050.539258443},"point_estimate":14585650.060472116,"standard_error":2771596.801536327}}