{"mean":{"confidence_interval":{"confidence_level":0.95,"lower_bound":4857156068.0,"upper_bound":4893255699.666667},"point_estimate":4874658933.333333,"standard_error":9217336.50279895},"median":{"confidence_interval":{"confidence_level":0.95,"lower_bound":4859411300.0,"upper_bound":4883509800.0},"point_estimate":4868845100.0,"standard_error":6583921.205426006},"median_abs_dev":{"confidence_interval":{"confidence_level":0.95,"lower_bound":7245169.551372528,"upper_bound":43817797.44207859},"point_estimate":18607964.0096426,"standard_error":9316136.400751745},"slope":null,"std_dev":{"confidence_interval":{"confidence_level":0.95,"lower_bound":15310281.821941232,"upper_bound":50558261.17364571},"point_estimate":36895860.70232321,"standard_error":8658017.011659948}}