{"mean":{"confidence_interval":{"confidence_level":0.95,"lower_bound":10067774046.96,"upper_bound":10162852712.261667},"point_estimate":10114461974.866667,"standard_error":24233843.899919935},"median":{"confidence_interval":{"confidence_level":0.95,"lower_bound":10031320025.0,"upper_bound":10192893793.0},"point_estimate":10100165534.0,"standard_error":35054633.71221508},"median_abs_dev":{"confidence_interval":{"confidence_level":0.95,"lower_bound":14333143.475335836,"upper_bound":161870491.9640243},"point_estimate":106527178.78616452,"standard_error":33185616.3524911},"slope":null,"std_dev":{"confidence_interval":{"confidence_level":0.95,"lower_bound":64118254.87519878,"upper_bound":118881753.97912006},"point_estimate":97383172.62252294,"standard_error":13948727.960426452}}