{"mean":{"confidence_interval":{"confidence_level":0.95,"lower_bound":2832987647.3466663,"upper_bound":2854839931.1566668},"point_estimate":2843082981.4666667,"standard_error":5579328.9686926035},"median":{"confidence_interval":{"confidence_level":0.95,"lower_bound":2832492130.0,"upper_bound":2853859469.0},"point_estimate":2838990549.0,"standard_error":5995041.677012327},"median_abs_dev":{"confidence_interval":{"confidence_level":0.95,"lower_bound":4103264.443552494,"upper_bound":26013985.27995944},"point_estimate":15611113.518047333,"standard_error":5267659.867680402},"slope":null,"std_dev":{"confidence_interval":{"confidence_level":0.95,"lower_bound":10032323.86201286,"upper_bound":31789046.53391075},"point_estimate":22291328.653381784,"standard_error":6019527.203702779}}