{"mean":{"confidence_interval":{"confidence_level":0.95,"lower_bound":2914376311.5,"upper_bound":2951680746.6666665},"point_estimate":2930715166.6666665,"standard_error":9667728.943733357},"median":{"confidence_interval":{"confidence_level":0.95,"lower_bound":2905057600.0,"upper_bound":2946810200.0},"point_estimate":2921859300.0,"standard_error":9462333.808940507},"median_abs_dev":{"confidence_interval":{"confidence_level":0.95,"lower_bound":5584509.320855141,"upper_bound":37897479.22718525},"point_estimate":25248825.811743736,"standard_error":8556877.030208534},"slope":null,"std_dev":{"confidence_interval":{"confidence_level":0.95,"lower_bound":15442420.738098452,"upper_bound":57425841.9364211},"point_estimate":38892900.98151712,"standard_error":12321948.117193354}}