{"mean":{"confidence_interval":{"confidence_level":0.95,"lower_bound":3302036220.3683333,"upper_bound":3336903212.688333},"point_estimate":3318301736.0666666,"standard_error":8928186.60859201},"median":{"confidence_interval":{"confidence_level":0.95,"lower_bound":3296185395.0,"upper_bound":3340362312.0},"point_estimate":3311577787.0,"standard_error":9143300.477367796},"median_abs_dev":{"confidence_interval":{"confidence_level":0.95,"lower_bound":11250153.925269842,"upper_bound":55208724.234849215},"point_estimate":22820759.97405052,"standard_error":12155482.818382127},"slope":null,"std_dev":{"confidence_interval":{"confidence_level":0.95,"lower_bound":18849437.641287096,"upper_bound":46855771.579942875},"point_estimate":35775856.31777134,"standard_error":7245222.92822476}}