{"mean":{"confidence_interval":{"confidence_level":0.95,"lower_bound":727893115.5633333,"upper_bound":748226552.52},"point_estimate":738204944.4666667,"standard_error":5207743.574605232},"median":{"confidence_interval":{"confidence_level":0.95,"lower_bound":719572042.0,"upper_bound":751138000.0},"point_estimate":740311792.0,"standard_error":5894588.9837350845},"median_abs_dev":{"confidence_interval":{"confidence_level":0.95,"lower_bound":3581344.7748184204,"upper_bound":31982459.824597836},"point_estimate":16050935.695838928,"standard_error":7197667.447608582},"slope":null,"std_dev":{"confidence_interval":{"confidence_level":0.95,"lower_bound":12484470.16409779,"upper_bound":26651834.933328245},"point_estimate":20834094.774100743,"standard_error":3608381.5856243186}}