{"mean":{"confidence_interval":{"confidence_level":0.95,"lower_bound":3127849609.0733333,"upper_bound":3155006310.095},"point_estimate":3142680941.6,"standard_error":6962228.374683265},"median":{"confidence_interval":{"confidence_level":0.95,"lower_bound":3132029917.0,"upper_bound":3163930833.0},"point_estimate":3141929000.0,"standard_error":5715896.385953921},"median_abs_dev":{"confidence_interval":{"confidence_level":0.95,"lower_bound":3212856.4121603966,"upper_bound":32619917.026680708},"point_estimate":18721283.573430777,"standard_error":6858678.22662559},"slope":null,"std_dev":{"confidence_interval":{"confidence_level":0.95,"lower_bound":12478070.950682668,"upper_bound":40515746.77921135},"point_estimate":27841464.193022694,"standard_error":8030514.260275786}}