{"mean":{"confidence_interval":{"confidence_level":0.95,"lower_bound":3023740119.375,"upper_bound":3087284195.485},"point_estimate":3054293363.866667,"standard_error":16251012.913356565},"median":{"confidence_interval":{"confidence_level":0.95,"lower_bound":3017646750.0,"upper_bound":3088471792.0},"point_estimate":3040094500.0,"standard_error":15175307.71771705},"median_abs_dev":{"confidence_interval":{"confidence_level":0.95,"lower_bound":15433496.558600664,"upper_bound":116175361.20087504},"point_estimate":35153867.1892941,"standard_error":23853983.475087736},"slope":null,"std_dev":{"confidence_interval":{"confidence_level":0.95,"lower_bound":36249052.1538477,"upper_bound":84801932.13533592},"point_estimate":65270070.06932815,"standard_error":12397990.501865132}}