{"mean":{"confidence_interval":{"confidence_level":0.95,"lower_bound":3647771381.6666665,"upper_bound":3713249956.833333},"point_estimate":3677851673.3333335,"standard_error":16832823.480092946},"median":{"confidence_interval":{"confidence_level":0.95,"lower_bound":3626109200.0,"upper_bound":3729426900.0},"point_estimate":3660585400.0,"standard_error":20332633.11503903},"median_abs_dev":{"confidence_interval":{"confidence_level":0.95,"lower_bound":5239804.826974869,"upper_bound":80557959.12981033},"point_estimate":51114413.212537766,"standard_error":25075288.35519503},"slope":null,"std_dev":{"confidence_interval":{"confidence_level":0.95,"lower_bound":32530928.407450452,"upper_bound":90071908.23473369},"point_estimate":67294554.99734482,"standard_error":15193604.615584277}}