{"mean":{"confidence_interval":{"confidence_level":0.95,"lower_bound":986346970.1433333,"upper_bound":993176141.8116667},"point_estimate":989764820.6666666,"standard_error":1753205.2304230034},"median":{"confidence_interval":{"confidence_level":0.95,"lower_bound":983672087.0,"upper_bound":993505713.0},"point_estimate":989065813.0,"standard_error":2678252.018047844},"median_abs_dev":{"confidence_interval":{"confidence_level":0.95,"lower_bound":3634957.072466612,"upper_bound":11216235.003072023},"point_estimate":7996738.02562952,"standard_error":2138788.5014114245},"slope":null,"std_dev":{"confidence_interval":{"confidence_level":0.95,"lower_bound":4655770.083264434,"upper_bound":8717744.5676366},"point_estimate":7020646.126855802,"standard_error":1040286.672391749}}