{"mean":{"confidence_interval":{"confidence_level":0.95,"lower_bound":2245849600.0,"upper_bound":2279592414.3333335},"point_estimate":2261320913.3333335,"standard_error":8696245.797822291},"median":{"confidence_interval":{"confidence_level":0.95,"lower_bound":2235807400.0,"upper_bound":2280143800.0},"point_estimate":2250678900.0,"standard_error":10660203.029672243},"median_abs_dev":{"confidence_interval":{"confidence_level":0.95,"lower_bound":7526270.5063819885,"upper_bound":44201642.57526398},"point_estimate":22153157.066702843,"standard_error":11226486.29802998},"slope":null,"std_dev":{"confidence_interval":{"confidence_level":0.95,"lower_bound":16140046.436092991,"upper_bound":47475042.750116915},"point_estimate":34735418.85975562,"standard_error":8468563.664372118}}