{"mean":{"confidence_interval":{"confidence_level":0.95,"lower_bound":591255709.0566666,"upper_bound":607139448.52},"point_estimate":598330336.0,"standard_error":4076725.4934453145},"median":{"confidence_interval":{"confidence_level":0.95,"lower_bound":586958208.0,"upper_bound":607234375.0},"point_estimate":592899000.0,"standard_error":4067354.728083135},"median_abs_dev":{"confidence_interval":{"confidence_level":0.95,"lower_bound":1991502.4146437645,"upper_bound":20454938.131052256},"point_estimate":11951300.657022,"standard_error":4428604.192741205},"slope":null,"std_dev":{"confidence_interval":{"confidence_level":0.95,"lower_bound":7397763.2230075365,"upper_bound":23548903.938994363},"point_estimate":16327774.631951809,"standard_error":4666849.044328914}}