{"mean":{"confidence_interval":{"confidence_level":0.95,"lower_bound":1467580103.8466668,"upper_bound":1474996693.9099998},"point_estimate":1471258677.8,"standard_error":1899293.8418135413},"median":{"confidence_interval":{"confidence_level":0.95,"lower_bound":1464492792.0,"upper_bound":1476462209.0},"point_estimate":1475158667.0,"standard_error":5143956.337048417},"median_abs_dev":{"confidence_interval":{"confidence_level":0.95,"lower_bound":736233.9427292347,"upper_bound":11461795.07151246},"point_estimate":11461795.07151246,"standard_error":3766780.8109849608},"slope":null,"std_dev":{"confidence_interval":{"confidence_level":0.95,"lower_bound":5742785.568578375,"upper_bound":8748064.706165899},"point_estimate":7599248.504177268,"standard_error":772805.5382388642}}