{"mean":{"confidence_interval":{"confidence_level":0.95,"lower_bound":532447499.23,"upper_bound":535205053.0},"point_estimate":533786464.0,"standard_error":704352.3582198946},"median":{"confidence_interval":{"confidence_level":0.95,"lower_bound":531383792.0,"upper_bound":535157292.0},"point_estimate":533668833.0,"standard_error":766669.2137404805},"median_abs_dev":{"confidence_interval":{"confidence_level":0.95,"lower_bound":888262.7092301846,"upper_bound":4859592.063724995},"point_estimate":2206789.2742216587,"standard_error":1080214.4394481336},"slope":null,"std_dev":{"confidence_interval":{"confidence_level":0.95,"lower_bound":1731329.2004361325,"upper_bound":3513394.797166168},"point_estimate":2826340.396163132,"standard_error":451520.5552878084}}