{"mean":{"confidence_interval":{"confidence_level":0.95,"lower_bound":1738554038.1966667,"upper_bound":1967678564.57},"point_estimate":1827447855.4666667,"standard_error":62384629.22569822},"median":{"confidence_interval":{"confidence_level":0.95,"lower_bound":1724173042.0,"upper_bound":1806357083.0},"point_estimate":1739020875.0,"standard_error":24089417.432726413},"median_abs_dev":{"confidence_interval":{"confidence_level":0.95,"lower_bound":5571300.837689638,"upper_bound":104383871.47761583},"point_estimate":32090999.48607087,"standard_error":30451165.346479386},"slope":null,"std_dev":{"confidence_interval":{"confidence_level":0.95,"lower_bound":32819770.219351,"upper_bound":391850825.4267053},"point_estimate":250194580.42246127,"standard_error":112753450.85313253}}