{"mean":{"confidence_interval":{"confidence_level":0.95,"lower_bound":23569963633.24861,"upper_bound":23907823788.22222},"point_estimate":23739593252.444447,"standard_error":86456965.20588997},"median":{"confidence_interval":{"confidence_level":0.95,"lower_bound":23531292875.0,"upper_bound":24044644744.444443},"point_estimate":23720431156.666664,"standard_error":144375695.63061672},"median_abs_dev":{"confidence_interval":{"confidence_level":0.95,"lower_bound":62145405.91503309,"upper_bound":481394528.15353495},"point_estimate":316134524.2839865,"standard_error":113455551.59138933},"slope":{"confidence_interval":{"confidence_level":0.95,"lower_bound":23617896695.090363,"upper_bound":23986875714.198784},"point_estimate":23839844212.987015,"standard_error":94555264.4567632},"std_dev":{"confidence_interval":{"confidence_level":0.95,"lower_bound":178396760.7543863,"upper_bound":354696816.85472107},"point_estimate":287944336.5001997,"standard_error":45752007.36188872}}