{"mean":{"confidence_interval":{"confidence_level":0.95,"lower_bound":3525127486.6666665,"upper_bound":3567408932.833333},"point_estimate":3544881373.3333335,"standard_error":10826407.389415156},"median":{"confidence_interval":{"confidence_level":0.95,"lower_bound":3515519700.0,"upper_bound":3567643500.0},"point_estimate":3536116000.0,"standard_error":10448847.089741873},"median_abs_dev":{"confidence_interval":{"confidence_level":0.95,"lower_bound":8879736.022353172,"upper_bound":63791236.02747917},"point_estimate":30853795.01223564,"standard_error":13685221.959152944},"slope":null,"std_dev":{"confidence_interval":{"confidence_level":0.95,"lower_bound":21978827.762472462,"upper_bound":55798080.196201324},"point_estimate":43372867.485914126,"standard_error":8537071.391757512}}