{"mean":{"confidence_interval":{"confidence_level":0.95,"lower_bound":2686954566.75,"upper_bound":2782442999.25},"point_estimate":2732693360.0,"standard_error":24428302.6765269},"median":{"confidence_interval":{"confidence_level":0.95,"lower_bound":2666070050.0,"upper_bound":2783387800.0},"point_estimate":2731143950.0,"standard_error":31216929.919513263},"median_abs_dev":{"confidence_interval":{"confidence_level":0.95,"lower_bound":15115403.25164795,"upper_bound":147383261.87342405},"point_estimate":79808356.58311844,"standard_error":30785870.163780253},"slope":null,"std_dev":{"confidence_interval":{"confidence_level":0.95,"lower_bound":42911869.65050838,"upper_bound":107982689.55567543},"point_estimate":81522736.96635123,"standard_error":17732063.772589166}}