{"mean":{"confidence_interval":{"confidence_level":0.95,"lower_bound":7375783458.881666,"upper_bound":7425246072.066667},"point_estimate":7401742900.0,"standard_error":12610046.284439037},"median":{"confidence_interval":{"confidence_level":0.95,"lower_bound":7386534292.0,"upper_bound":7412551417.0},"point_estimate":7401273792.0,"standard_error":7888607.253158043},"median_abs_dev":{"confidence_interval":{"confidence_level":0.95,"lower_bound":4961210.948520899,"upper_bound":51544503.604102135},"point_estimate":20830654.168581963,"standard_error":12987247.838546809},"slope":null,"std_dev":{"confidence_interval":{"confidence_level":0.95,"lower_bound":22119980.58998237,"upper_bound":71693385.13209073},"point_estimate":50641318.55511951,"standard_error":13205894.749041425}}