{"mean":{"confidence_interval":{"confidence_level":0.95,"lower_bound":3005358458.17,"upper_bound":3019397848.2366667},"point_estimate":3012434072.266667,"standard_error":3589715.788162989},"median":{"confidence_interval":{"confidence_level":0.95,"lower_bound":3003922750.0,"upper_bound":3025896417.0},"point_estimate":3013766625.0,"standard_error":5275501.057937073},"median_abs_dev":{"confidence_interval":{"confidence_level":0.95,"lower_bound":7245898.990559578,"upper_bound":25730214.162397385},"point_estimate":17983629.299926758,"standard_error":5054952.963120055},"slope":null,"std_dev":{"confidence_interval":{"confidence_level":0.95,"lower_bound":9885714.056450207,"upper_bound":17331971.246532295},"point_estimate":14478824.52934866,"standard_error":1902190.9743148864}}