{"mean":{"confidence_interval":{"confidence_level":0.95,"lower_bound":1699961277.0516667,"upper_bound":1717443745.9083333},"point_estimate":1707792344.5333333,"standard_error":4507192.844681411},"median":{"confidence_interval":{"confidence_level":0.95,"lower_bound":1696229625.0,"upper_bound":1706911851.749978},"point_estimate":1702027709.0,"standard_error":2572941.470299363},"median_abs_dev":{"confidence_interval":{"confidence_level":0.95,"lower_bound":1733653.0750215054,"upper_bound":15759481.74521327},"point_estimate":8596239.185786247,"standard_error":4120969.0801198306},"slope":null,"std_dev":{"confidence_interval":{"confidence_level":0.95,"lower_bound":5660729.225674093,"upper_bound":24046943.118235983},"point_estimate":18001980.094713222,"standard_error":4785985.951755327}}