{"mean":{"confidence_interval":{"confidence_level":0.95,"lower_bound":19062762018.166664,"upper_bound":20205771257.666668},"point_estimate":19525008626.666668,"standard_error":304168688.75195354},"median":{"confidence_interval":{"confidence_level":0.95,"lower_bound":18846201700.0,"upper_bound":19548332300.0},"point_estimate":19277669500.0,"standard_error":207619538.68122336},"median_abs_dev":{"confidence_interval":{"confidence_level":0.95,"lower_bound":80284122.9146719,"upper_bound":868525004.0405989},"point_estimate":639694148.9231586,"standard_error":241805697.48590025},"slope":null,"std_dev":{"confidence_interval":{"confidence_level":0.95,"lower_bound":290014569.5544481,"upper_bound":1884550830.682079},"point_estimate":1217972669.4390228,"standard_error":493839204.22841394}}