{"mean":{"confidence_interval":{"confidence_level":0.95,"lower_bound":770696876.9583334,"upper_bound":775460589.905},"point_estimate":773036197.2666667,"standard_error":1212607.8737329456},"median":{"confidence_interval":{"confidence_level":0.95,"lower_bound":771104667.0,"upper_bound":773476500.0},"point_estimate":772766500.0,"standard_error":651053.251520575},"median_abs_dev":{"confidence_interval":{"confidence_level":0.95,"lower_bound":446075.78448057175,"upper_bound":8597720.303159952},"point_estimate":2040365.9445762634,"standard_error":2061450.3341928243},"slope":null,"std_dev":{"confidence_interval":{"confidence_level":0.95,"lower_bound":2540609.664942603,"upper_bound":6439692.996666851},"point_estimate":4861372.71384661,"standard_error":996446.2128903616}}