{"mean":{"confidence_interval":{"confidence_level":0.95,"lower_bound":783020403.3349999,"upper_bound":806239205.6},"point_estimate":793436794.4666667,"standard_error":5997574.940140067},"median":{"confidence_interval":{"confidence_level":0.95,"lower_bound":778050625.0,"upper_bound":794168834.0},"point_estimate":781990041.0,"standard_error":4960368.334751176},"median_abs_dev":{"confidence_interval":{"confidence_level":0.95,"lower_bound":3101599.144935608,"upper_bound":27472639.781463146},"point_estimate":6939617.55759716,"standard_error":6402847.165146698},"slope":null,"std_dev":{"confidence_interval":{"confidence_level":0.95,"lower_bound":8646018.875773612,"upper_bound":32359699.501818426},"point_estimate":23998925.94557141,"standard_error":6170677.981338168}}