{"mean":{"confidence_interval":{"confidence_level":0.95,"lower_bound":5688523603.833333,"upper_bound":5745344777.166667},"point_estimate":5716443860.0,"standard_error":14557984.357137483},"median":{"confidence_interval":{"confidence_level":0.95,"lower_bound":5679439900.0,"upper_bound":5759615600.0},"point_estimate":5707856300.0,"standard_error":19353845.268226508},"median_abs_dev":{"confidence_interval":{"confidence_level":0.95,"lower_bound":17799502.243995667,"upper_bound":101798724.17271137},"point_estimate":76458718.4625864,"standard_error":24604814.43678674},"slope":null,"std_dev":{"confidence_interval":{"confidence_level":0.95,"lower_bound":38328539.084305085,"upper_bound":71710358.9178777},"point_estimate":58427776.8389659,"standard_error":8513582.226455754}}