{"mean":{"confidence_interval":{"confidence_level":0.95,"lower_bound":3222869913.3333335,"upper_bound":3256829031.1666665},"point_estimate":3238601100.0,"standard_error":8698619.206012148},"median":{"confidence_interval":{"confidence_level":0.95,"lower_bound":3214390200.0,"upper_bound":3252026500.0},"point_estimate":3232452200.0,"standard_error":9610340.186923929},"median_abs_dev":{"confidence_interval":{"confidence_level":0.95,"lower_bound":10083310.68098545,"upper_bound":49214609.60626602},"point_estimate":26778720.724582672,"standard_error":9245355.673855143},"slope":null,"std_dev":{"confidence_interval":{"confidence_level":0.95,"lower_bound":17385711.75827097,"upper_bound":47703590.819679074},"point_estimate":34798234.46237713,"standard_error":8182549.167948456}}