{"mean":{"confidence_interval":{"confidence_level":0.95,"lower_bound":1700479706.8333333,"upper_bound":1756072695.0},"point_estimate":1726030133.3333333,"standard_error":14220192.132501105},"median":{"confidence_interval":{"confidence_level":0.95,"lower_bound":1684503100.0,"upper_bound":1741689200.0},"point_estimate":1724550400.0,"standard_error":14304195.561198562},"median_abs_dev":{"confidence_interval":{"confidence_level":0.95,"lower_bound":18976834.883093834,"upper_bound":74383671.53942585},"point_estimate":45509147.492051125,"standard_error":15599045.085749526},"slope":null,"std_dev":{"confidence_interval":{"confidence_level":0.95,"lower_bound":29098232.26162291,"upper_bound":79813487.91273016},"point_estimate":56771188.218782075,"standard_error":14216296.695957797}}