{"mean":{"confidence_interval":{"confidence_level":0.95,"lower_bound":688586642.6716667,"upper_bound":694918080.375},"point_estimate":691710558.2666667,"standard_error":1617502.624438279},"median":{"confidence_interval":{"confidence_level":0.95,"lower_bound":687767375.0,"upper_bound":695681875.0},"point_estimate":690316416.0,"standard_error":2112883.441378504},"median_abs_dev":{"confidence_interval":{"confidence_level":0.95,"lower_bound":1871411.8167757988,"upper_bound":10090699.959254265},"point_estimate":4564679.2073607445,"standard_error":2173317.61988183},"slope":null,"std_dev":{"confidence_interval":{"confidence_level":0.95,"lower_bound":3539669.385407872,"upper_bound":8405705.068991192},"point_estimate":6449116.474287705,"standard_error":1214632.7017837656}}