{"mean":{"confidence_interval":{"confidence_level":0.95,"lower_bound":2298084640.4049997,"upper_bound":2528368020.245},"point_estimate":2399720763.8,"standard_error":59323867.45199994},"median":{"confidence_interval":{"confidence_level":0.95,"lower_bound":2271785833.0,"upper_bound":2341729500.0},"point_estimate":2281076375.0,"standard_error":35342448.74520955},"median_abs_dev":{"confidence_interval":{"confidence_level":0.95,"lower_bound":9248829.285800457,"upper_bound":134212239.56145644},"point_estimate":31150970.316159725,"standard_error":46493959.69968169},"slope":null,"std_dev":{"confidence_interval":{"confidence_level":0.95,"lower_bound":58278477.319948785,"upper_bound":319781726.82869804},"point_estimate":237548885.1879782,"standard_error":68725017.87374966}}