{"mean":{"confidence_interval":{"confidence_level":0.95,"lower_bound":1713882063.9599998,"upper_bound":1737398266.4466665},"point_estimate":1724348097.1333334,"standard_error":6089217.593762983},"median":{"confidence_interval":{"confidence_level":0.95,"lower_bound":1708846958.0,"upper_bound":1730940250.0},"point_estimate":1715120458.0,"standard_error":5431685.133406845},"median_abs_dev":{"confidence_interval":{"confidence_level":0.95,"lower_bound":4839453.908282518,"upper_bound":29560202.813601494},"point_estimate":11497129.876685143,"standard_error":6494855.820936189},"slope":null,"std_dev":{"confidence_interval":{"confidence_level":0.95,"lower_bound":9324306.584507074,"upper_bound":34876383.37557646},"point_estimate":24496306.52929798,"standard_error":7040717.813836429}}