{"mean":{"confidence_interval":{"confidence_level":0.95,"lower_bound":2743876469.3333335,"upper_bound":2815770648.0099998},"point_estimate":2779342669.4,"standard_error":18290822.279836606},"median":{"confidence_interval":{"confidence_level":0.95,"lower_bound":2721563166.0,"upper_bound":2815227292.0},"point_estimate":2795745458.0,"standard_error":25783239.36648001},"median_abs_dev":{"confidence_interval":{"confidence_level":0.95,"lower_bound":17535328.132885695,"upper_bound":114960862.7456367},"point_estimate":63066343.97454858,"standard_error":28709259.936303407},"slope":null,"std_dev":{"confidence_interval":{"confidence_level":0.95,"lower_bound":44422492.16337081,"upper_bound":94976829.24866256},"point_estimate":73250494.80174299,"standard_error":13246100.10964543}}