{"mean":{"confidence_interval":{"confidence_level":0.95,"lower_bound":2787584735.733333,"upper_bound":2808576551.745},"point_estimate":2798037888.6,"standard_error":5355694.0112176165},"median":{"confidence_interval":{"confidence_level":0.95,"lower_bound":2783519666.0,"upper_bound":2808727000.0},"point_estimate":2796867166.0,"standard_error":5829344.420524066},"median_abs_dev":{"confidence_interval":{"confidence_level":0.95,"lower_bound":5286889.236938953,"upper_bound":28676263.365894556},"point_estimate":17583389.576232433,"standard_error":6151662.731419374},"slope":null,"std_dev":{"confidence_interval":{"confidence_level":0.95,"lower_bound":11947687.53994886,"upper_bound":28145262.42005134},"point_estimate":21439324.945294105,"standard_error":4125390.7595875887}}