{"mean":{"confidence_interval":{"confidence_level":0.95,"lower_bound":1983014290.1866667,"upper_bound":2023796432.4433331},"point_estimate":2000429649.9333334,"standard_error":10660580.37415233},"median":{"confidence_interval":{"confidence_level":0.95,"lower_bound":1979666125.0,"upper_bound":2013358083.0},"point_estimate":1984482375.0,"standard_error":5764607.27026981},"median_abs_dev":{"confidence_interval":{"confidence_level":0.95,"lower_bound":3160163.326495886,"upper_bound":35070038.021582365},"point_estimate":9242961.155104637,"standard_error":9149444.825574243},"slope":null,"std_dev":{"confidence_interval":{"confidence_level":0.95,"lower_bound":12324201.880664103,"upper_bound":63442345.61658158},"point_estimate":42833485.77921334,"standard_error":14688771.34563864}}