{"mean":{"confidence_interval":{"confidence_level":0.95,"lower_bound":3827759890.96,"upper_bound":3910867151.2816668},"point_estimate":3867736747.266667,"standard_error":21300202.906306986},"median":{"confidence_interval":{"confidence_level":0.95,"lower_bound":3787082791.0,"upper_bound":3890149250.0},"point_estimate":3862862459.0,"standard_error":31692132.113465127},"median_abs_dev":{"confidence_interval":{"confidence_level":0.95,"lower_bound":15585212.496507168,"upper_bound":143454520.20317316},"point_estimate":96745640.95162153,"standard_error":34822966.47896592},"slope":null,"std_dev":{"confidence_interval":{"confidence_level":0.95,"lower_bound":50522898.87904667,"upper_bound":103458429.58796512},"point_estimate":85510353.54352885,"standard_error":13124764.649226705}}