{"mean":{"confidence_interval":{"confidence_level":0.95,"lower_bound":2043593504.2316668,"upper_bound":2314598934.8199997},"point_estimate":2148209680.5333333,"standard_error":73546783.56750636},"median":{"confidence_interval":{"confidence_level":0.95,"lower_bound":2016027625.0,"upper_bound":2104024958.0},"point_estimate":2052753084.0,"standard_error":16932263.062374655},"median_abs_dev":{"confidence_interval":{"confidence_level":0.95,"lower_bound":5942324.446302652,"upper_bound":99713681.56052828},"point_estimate":54449164.546734095,"standard_error":22295839.07795205},"slope":null,"std_dev":{"confidence_interval":{"confidence_level":0.95,"lower_bound":32280222.844956316,"upper_bound":460260838.72565633},"point_estimate":295099687.99027884,"standard_error":133105981.79918993}}