{"mean":{"confidence_interval":{"confidence_level":0.95,"lower_bound":3883776720.0666666,"upper_bound":3952072168.815},"point_estimate":3917338083.3333335,"standard_error":17511152.559373807},"median":{"confidence_interval":{"confidence_level":0.95,"lower_bound":3855047292.0,"upper_bound":3989439750.0},"point_estimate":3885328667.0,"standard_error":42960649.94374154},"median_abs_dev":{"confidence_interval":{"confidence_level":0.95,"lower_bound":14834463.90003562,"upper_bound":87256320.60669065},"point_estimate":78156494.10084486,"standard_error":21959497.3734159},"slope":null,"std_dev":{"confidence_interval":{"confidence_level":0.95,"lower_bound":52722984.716945276,"upper_bound":78349298.34388463},"point_estimate":70316078.24346766,"standard_error":6515955.217945792}}