{"mean":{"confidence_interval":{"confidence_level":0.95,"lower_bound":3813051150.0716667,"upper_bound":3882416921.6466665},"point_estimate":3848058788.9333334,"standard_error":17703060.5316856},"median":{"confidence_interval":{"confidence_level":0.95,"lower_bound":3799907209.0,"upper_bound":3900106542.0},"point_estimate":3835488750.0,"standard_error":28969639.204432033},"median_abs_dev":{"confidence_interval":{"confidence_level":0.95,"lower_bound":14898893.24709177,"upper_bound":114379932.63275027},"point_estimate":91320128.61714363,"standard_error":26037501.371621955},"slope":null,"std_dev":{"confidence_interval":{"confidence_level":0.95,"lower_bound":46486385.69733599,"upper_bound":88046370.44971079},"point_estimate":71034155.48748362,"standard_error":10693827.931512376}}