{"mean":{"confidence_interval":{"confidence_level":0.95,"lower_bound":3451085808.4666667,"upper_bound":3468098749.261667},"point_estimate":3459043297.0,"standard_error":4351376.941036054},"median":{"confidence_interval":{"confidence_level":0.95,"lower_bound":3447265617.0,"upper_bound":3468872923.0},"point_estimate":3456187361.0,"standard_error":5028383.616012927},"median_abs_dev":{"confidence_interval":{"confidence_level":0.95,"lower_bound":4857468.980562687,"upper_bound":27185108.79036784},"point_estimate":13957731.370800734,"standard_error":5407194.162791899},"slope":null,"std_dev":{"confidence_interval":{"confidence_level":0.95,"lower_bound":8906897.410832861,"upper_bound":22271279.468842845},"point_estimate":17394898.58453928,"standard_error":3419879.742547081}}