{"mean":{"confidence_interval":{"confidence_level":0.95,"lower_bound":3435329371.798333,"upper_bound":3491992412.6066666},"point_estimate":3459508222.3333335,"standard_error":14692265.432602555},"median":{"confidence_interval":{"confidence_level":0.95,"lower_bound":3422565834.0,"upper_bound":3491451667.0},"point_estimate":3439782292.0,"standard_error":12511776.006665472},"median_abs_dev":{"confidence_interval":{"confidence_level":0.95,"lower_bound":12715766.268450022,"upper_bound":57276605.75233698},"point_estimate":25525120.17763853,"standard_error":14987999.971412579},"slope":null,"std_dev":{"confidence_interval":{"confidence_level":0.95,"lower_bound":21059096.44829938,"upper_bound":88169371.96209235},"point_estimate":58946552.17932051,"standard_error":19990665.85915272}}