{"mean":{"confidence_interval":{"confidence_level":0.95,"lower_bound":3450275460.153333,"upper_bound":3587830302.866667},"point_estimate":3518048191.8,"standard_error":35315634.63801573},"median":{"confidence_interval":{"confidence_level":0.95,"lower_bound":3408730458.0,"upper_bound":3669105125.0},"point_estimate":3503837084.0,"standard_error":50557176.131037295},"median_abs_dev":{"confidence_interval":{"confidence_level":0.95,"lower_bound":24223028.233355284,"upper_bound":235742045.30314207},"point_estimate":141005081.2042594,"standard_error":54166925.520924546},"slope":null,"std_dev":{"confidence_interval":{"confidence_level":0.95,"lower_bound":92661157.63632663,"upper_bound":172574350.40445876},"point_estimate":141285358.82442498,"standard_error":20295818.01976716}}