{"mean":{"confidence_interval":{"confidence_level":0.95,"lower_bound":3582656600.0,"upper_bound":3641178086.6666665},"point_estimate":3607735626.6666665,"standard_error":15176934.972647427},"median":{"confidence_interval":{"confidence_level":0.95,"lower_bound":3575415600.0,"upper_bound":3618351300.0},"point_estimate":3592606300.0,"standard_error":11877992.36772428},"median_abs_dev":{"confidence_interval":{"confidence_level":0.95,"lower_bound":16776656.522154808,"upper_bound":63091300.57990551},"point_estimate":36064837.399721146,"standard_error":12654843.811372371},"slope":null,"std_dev":{"confidence_interval":{"confidence_level":0.95,"lower_bound":22764139.807500355,"upper_bound":91245440.31806949},"point_estimate":60789078.54995085,"standard_error":20446740.898989514}}