{"mean":{"confidence_interval":{"confidence_level":0.95,"lower_bound":2201592276.6666665,"upper_bound":2239205206.6666665},"point_estimate":2220656333.3333335,"standard_error":9652083.29216086},"median":{"confidence_interval":{"confidence_level":0.95,"lower_bound":2190363400.0,"upper_bound":2263147800.0},"point_estimate":2221993900.0,"standard_error":19652388.17398459},"median_abs_dev":{"confidence_interval":{"confidence_level":0.95,"lower_bound":5501780.242323875,"upper_bound":64782650.629878044},"point_estimate":46895378.467440605,"standard_error":13368690.407211998},"slope":null,"std_dev":{"confidence_interval":{"confidence_level":0.95,"lower_bound":27951390.028196823,"upper_bound":44778757.747215465},"point_estimate":38544637.214008436,"standard_error":4280546.229049238}}