{"mean":{"confidence_interval":{"confidence_level":0.95,"lower_bound":1634860173.06,"upper_bound":1658090094.5883334},"point_estimate":1646584408.2666667,"standard_error":5913971.003172186},"median":{"confidence_interval":{"confidence_level":0.95,"lower_bound":1629741000.0,"upper_bound":1666263833.0},"point_estimate":1649105250.0,"standard_error":7530681.28588934},"median_abs_dev":{"confidence_interval":{"confidence_level":0.95,"lower_bound":9214358.83641243,"upper_bound":38915098.78411889},"point_estimate":25439314.704161882,"standard_error":7522349.571319043},"slope":null,"std_dev":{"confidence_interval":{"confidence_level":0.95,"lower_bound":15155591.542007187,"upper_bound":29531954.136746112},"point_estimate":23675166.22478485,"standard_error":3668626.8432343225}}