{"mean":{"confidence_interval":{"confidence_level":0.95,"lower_bound":2796258991.6,"upper_bound":2814907638.266667},"point_estimate":2805095111.266667,"standard_error":4741397.702682928},"median":{"confidence_interval":{"confidence_level":0.95,"lower_bound":2795088583.0,"upper_bound":2812546879.0},"point_estimate":2805722590.0,"standard_error":5554606.617624458},"median_abs_dev":{"confidence_interval":{"confidence_level":0.95,"lower_bound":557487.242102623,"upper_bound":24930968.238186836},"point_estimate":10364994.297784567,"standard_error":6267357.770374414},"slope":null,"std_dev":{"confidence_interval":{"confidence_level":0.95,"lower_bound":9069805.387058636,"upper_bound":26635160.432898995},"point_estimate":18956200.60841641,"standard_error":4722389.56654568}}