{"mean":{"confidence_interval":{"confidence_level":0.95,"lower_bound":1289815516.0766666,"upper_bound":1295513156.9766667},"point_estimate":1292699808.1333334,"standard_error":1455500.6564488728},"median":{"confidence_interval":{"confidence_level":0.95,"lower_bound":1289476417.0,"upper_bound":1298766250.0},"point_estimate":1292503583.0,"standard_error":2130752.790285286},"median_abs_dev":{"confidence_interval":{"confidence_level":0.95,"lower_bound":1704002.5581479073,"upper_bound":10816431.16376996},"point_estimate":6636056.695586443,"standard_error":2398771.5762831056},"slope":null,"std_dev":{"confidence_interval":{"confidence_level":0.95,"lower_bound":3883017.407147604,"upper_bound":6993678.013271838},"point_estimate":5822438.92720202,"standard_error":789772.3969380488}}