{"mean":{"confidence_interval":{"confidence_level":0.95,"lower_bound":529537527.46666664,"upper_bound":533454350.0},"point_estimate":531397691.6,"standard_error":997538.9664978989},"median":{"confidence_interval":{"confidence_level":0.95,"lower_bound":527700166.0,"upper_bound":534556875.0},"point_estimate":530000583.0,"standard_error":1764901.3910500803},"median_abs_dev":{"confidence_interval":{"confidence_level":0.95,"lower_bound":864662.6828491688,"upper_bound":6755158.399271965},"point_estimate":4338520.442175865,"standard_error":1457370.6796048265},"slope":null,"std_dev":{"confidence_interval":{"confidence_level":0.95,"lower_bound":2522349.293780096,"upper_bound":4968428.72672138},"point_estimate":3991339.9100039396,"standard_error":633726.6831247746}}