{"mean":{"confidence_interval":{"confidence_level":0.95,"lower_bound":2887526726.1666665,"upper_bound":2963153170.666667},"point_estimate":2920982960.0,"standard_error":19505150.172185853},"median":{"confidence_interval":{"confidence_level":0.95,"lower_bound":2870951500.0,"upper_bound":2940664700.0},"point_estimate":2886338200.0,"standard_error":15506344.835248098},"median_abs_dev":{"confidence_interval":{"confidence_level":0.95,"lower_bound":3695528.6943912506,"upper_bound":82653614.19260502},"point_estimate":35496556.82981014,"standard_error":17308771.937096573},"slope":null,"std_dev":{"confidence_interval":{"confidence_level":0.95,"lower_bound":25797998.707591582,"upper_bound":108204995.87713394},"point_estimate":78289590.16126145,"standard_error":22108773.265783563}}