{"mean":{"confidence_interval":{"confidence_level":0.95,"lower_bound":804633304.8,"upper_bound":848158189.1083333},"point_estimate":825564849.8666667,"standard_error":11170647.504482072},"median":{"confidence_interval":{"confidence_level":0.95,"lower_bound":789086167.0,"upper_bound":851300875.0},"point_estimate":816411000.0,"standard_error":12279318.58401285},"median_abs_dev":{"confidence_interval":{"confidence_level":0.95,"lower_bound":13487828.722143173,"upper_bound":77587111.95915341},"point_estimate":42278932.7993989,"standard_error":16805027.629732825},"slope":null,"std_dev":{"confidence_interval":{"confidence_level":0.95,"lower_bound":26916369.716326144,"upper_bound":54775228.1057855},"point_estimate":44756698.5653517,"standard_error":7004253.078938083}}