{"mean":{"confidence_interval":{"confidence_level":0.95,"lower_bound":1611657750.26,"upper_bound":1715871203.1333334},"point_estimate":1652913925.1333334,"standard_error":28097020.88728179},"median":{"confidence_interval":{"confidence_level":0.95,"lower_bound":1601858833.0,"upper_bound":1648814625.0},"point_estimate":1615436250.0,"standard_error":12051931.368424537},"median_abs_dev":{"confidence_interval":{"confidence_level":0.95,"lower_bound":7065392.44376421,"upper_bound":58068745.574873686},"point_estimate":28118559.664195776,"standard_error":13895936.864850793},"slope":null,"std_dev":{"confidence_interval":{"confidence_level":0.95,"lower_bound":18488193.356076438,"upper_bound":175482680.46335799},"point_estimate":112783659.48281156,"standard_error":48625373.1832999}}