{"mean":{"confidence_interval":{"confidence_level":0.95,"lower_bound":7372655297.133333,"upper_bound":7414280210.933333},"point_estimate":7391810861.066667,"standard_error":10697229.886856094},"median":{"confidence_interval":{"confidence_level":0.95,"lower_bound":7359028000.0,"upper_bound":7401775541.0},"point_estimate":7380440958.0,"standard_error":8132183.089961177},"median_abs_dev":{"confidence_interval":{"confidence_level":0.95,"lower_bound":6866351.9146978855,"upper_bound":60250515.97453952},"point_estimate":31630652.19424367,"standard_error":12807541.692082928},"slope":null,"std_dev":{"confidence_interval":{"confidence_level":0.95,"lower_bound":17405395.245470695,"upper_bound":55177975.53387446},"point_estimate":42824044.7092019,"standard_error":9204282.406274755}}