{"mean":{"confidence_interval":{"confidence_level":0.95,"lower_bound":7383951963.698334,"upper_bound":7408020899.701667},"point_estimate":7395834519.6,"standard_error":6176604.1256199535},"median":{"confidence_interval":{"confidence_level":0.95,"lower_bound":7377220584.0,"upper_bound":7409267292.0},"point_estimate":7392508583.0,"standard_error":7474289.834110943},"median_abs_dev":{"confidence_interval":{"confidence_level":0.95,"lower_bound":9075922.546470165,"upper_bound":44426974.04966354},"point_estimate":24846461.52228713,"standard_error":9253505.231034694},"slope":null,"std_dev":{"confidence_interval":{"confidence_level":0.95,"lower_bound":16113460.401692046,"upper_bound":30488066.96545305},"point_estimate":24804013.288260445,"standard_error":3665257.0938296756}}