{"mean":{"confidence_interval":{"confidence_level":0.95,"lower_bound":2111452765.3799999,"upper_bound":2222332735.805},"point_estimate":2165754230.733333,"standard_error":28328135.497286256},"median":{"confidence_interval":{"confidence_level":0.95,"lower_bound":2061189651.0,"upper_bound":2207687093.0},"point_estimate":2179942673.0,"standard_error":43186391.28974445},"median_abs_dev":{"confidence_interval":{"confidence_level":0.95,"lower_bound":19075110.504949093,"upper_bound":208106697.58756757},"point_estimate":176063227.29145288,"standard_error":55050538.349576466},"slope":null,"std_dev":{"confidence_interval":{"confidence_level":0.95,"lower_bound":74832520.30099365,"upper_bound":137747636.86546978},"point_estimate":113666591.68405414,"standard_error":15944750.901874851}}