{"mean":{"confidence_interval":{"confidence_level":0.95,"lower_bound":668941107.99,"upper_bound":678296361.9233333},"point_estimate":673014697.1333333,"standard_error":2423641.964740575},"median":{"confidence_interval":{"confidence_level":0.95,"lower_bound":667888916.0,"upper_bound":671786042.0},"point_estimate":670813834.0,"standard_error":1164175.6073675298},"median_abs_dev":{"confidence_interval":{"confidence_level":0.95,"lower_bound":617442.1024382114,"upper_bound":7936110.064905882},"point_estimate":3540881.6563367844,"standard_error":1862124.1579580547},"slope":null,"std_dev":{"confidence_interval":{"confidence_level":0.95,"lower_bound":2489614.6262418977,"upper_bound":13637193.482492305},"point_estimate":9716028.32526317,"standard_error":2980904.187757495}}