{"mean":{"confidence_interval":{"confidence_level":0.95,"lower_bound":665063314.0666667,"upper_bound":668253631.7266667},"point_estimate":666617047.4,"standard_error":815348.2453578163},"median":{"confidence_interval":{"confidence_level":0.95,"lower_bound":664776125.0,"upper_bound":669185792.0},"point_estimate":666524042.0,"standard_error":1013587.883319851},"median_abs_dev":{"confidence_interval":{"confidence_level":0.95,"lower_bound":1275716.490751505,"upper_bound":5514901.252090931},"point_estimate":3041739.170998335,"standard_error":1097553.0098656076},"slope":null,"std_dev":{"confidence_interval":{"confidence_level":0.95,"lower_bound":1988067.2002571174,"upper_bound":4192525.834217717},"point_estimate":3263518.1779038007,"standard_error":570886.9960919454}}