{"mean":{"confidence_interval":{"confidence_level":0.95,"lower_bound":5509526967.408333,"upper_bound":5544318451.016667},"point_estimate":5523969249.933333,"standard_error":9108547.66725906},"median":{"confidence_interval":{"confidence_level":0.95,"lower_bound":5505612084.0,"upper_bound":5522976625.0},"point_estimate":5518820208.0,"standard_error":5366296.102928964},"median_abs_dev":{"confidence_interval":{"confidence_level":0.95,"lower_bound":4283849.568146467,"upper_bound":30594006.43184781},"point_estimate":17496780.53357005,"standard_error":6140721.630464143},"slope":null,"std_dev":{"confidence_interval":{"confidence_level":0.95,"lower_bound":10614977.356077287,"upper_bound":56466378.98815035},"point_estimate":36636710.7816565,"standard_error":14141979.988783216}}