{"mean":{"confidence_interval":{"confidence_level":0.95,"lower_bound":628646159.7533333,"upper_bound":631936482.475},"point_estimate":630291786.0666667,"standard_error":841552.6127843967},"median":{"confidence_interval":{"confidence_level":0.95,"lower_bound":628380083.0,"upper_bound":633120292.0},"point_estimate":629992875.0,"standard_error":1331612.1114086928},"median_abs_dev":{"confidence_interval":{"confidence_level":0.95,"lower_bound":1725930.2117586136,"upper_bound":5804933.389341831},"point_estimate":4520817.969739437,"standard_error":1065364.463180628},"slope":null,"std_dev":{"confidence_interval":{"confidence_level":0.95,"lower_bound":2324471.8864713265,"upper_bound":4123591.5093606757},"point_estimate":3386033.9007429467,"standard_error":460164.09428576665}}