{"mean":{"confidence_interval":{"confidence_level":0.95,"lower_bound":2705542683.4849997,"upper_bound":2712847806.293333},"point_estimate":2709139438.9333334,"standard_error":1868983.3447573269},"median":{"confidence_interval":{"confidence_level":0.95,"lower_bound":2705657167.0,"upper_bound":2714033083.0},"point_estimate":2709877916.0,"standard_error":2590991.35944428},"median_abs_dev":{"confidence_interval":{"confidence_level":0.95,"lower_bound":2677946.202456951,"upper_bound":14143818.423897028},"point_estimate":6257682.35630393,"standard_error":2521377.977785079},"slope":null,"std_dev":{"confidence_interval":{"confidence_level":0.95,"lower_bound":4845615.798309085,"upper_bound":9213559.038809337},"point_estimate":7496038.687859317,"standard_error":1114604.3212592744}}