{"mean":{"confidence_interval":{"confidence_level":0.95,"lower_bound":2637046163.733333,"upper_bound":2671399392.3366666},"point_estimate":2650949786.0666666,"standard_error":8998067.085950078},"median":{"confidence_interval":{"confidence_level":0.95,"lower_bound":2633941375.0,"upper_bound":2645232375.0},"point_estimate":2640221000.0,"standard_error":2695650.790356364},"median_abs_dev":{"confidence_interval":{"confidence_level":0.95,"lower_bound":2089970.7744956017,"upper_bound":17418573.384958506},"point_estimate":9310171.859711409,"standard_error":3788230.8438155535},"slope":null,"std_dev":{"confidence_interval":{"confidence_level":0.95,"lower_bound":5681595.187184613,"upper_bound":54172201.55546394},"point_estimate":36011438.57538117,"standard_error":14145058.436781326}}