{"mean":{"confidence_interval":{"confidence_level":0.95,"lower_bound":17969994910.298336,"upper_bound":18108493916.563335},"point_estimate":18038703160.333332,"standard_error":35281948.262160435},"median":{"confidence_interval":{"confidence_level":0.95,"lower_bound":17942588117.0,"upper_bound":18113582757.0},"point_estimate":18050746548.0,"standard_error":39502404.884900935},"median_abs_dev":{"confidence_interval":{"confidence_level":0.95,"lower_bound":49505206.61410689,"upper_bound":268486638.60940933},"point_estimate":113592387.387532,"standard_error":55649721.28740728},"slope":null,"std_dev":{"confidence_interval":{"confidence_level":0.95,"lower_bound":90294009.24852337,"upper_bound":174424996.13328305},"point_estimate":140874372.02098852,"standard_error":21536362.81270206}}