{"mean":{"confidence_interval":{"confidence_level":0.95,"lower_bound":2263803460.0,"upper_bound":2343719716.0},"point_estimate":2300921066.6666665,"standard_error":20536370.107997064},"median":{"confidence_interval":{"confidence_level":0.95,"lower_bound":2236225600.0,"upper_bound":2335859800.0},"point_estimate":2276289900.0,"standard_error":20858651.776484016},"median_abs_dev":{"confidence_interval":{"confidence_level":0.95,"lower_bound":22183253.846168518,"upper_bound":117038517.56215096},"point_estimate":59399330.12545109,"standard_error":23713085.43001974},"slope":null,"std_dev":{"confidence_interval":{"confidence_level":0.95,"lower_bound":37495531.92387848,"upper_bound":106567260.8964359},"point_estimate":82620149.14770806,"standard_error":17074520.0185347}}