{"mean":{"confidence_interval":{"confidence_level":0.95,"lower_bound":2325189868.19,"upper_bound":2348606067.4},"point_estimate":2336950637.0,"standard_error":5981948.815254283},"median":{"confidence_interval":{"confidence_level":0.95,"lower_bound":2315997848.0,"upper_bound":2354594487.0},"point_estimate":2336816813.0,"standard_error":7598390.653264414},"median_abs_dev":{"confidence_interval":{"confidence_level":0.95,"lower_bound":9050715.381717682,"upper_bound":42586455.168539286},"point_estimate":26357179.004466534,"standard_error":8398157.510933666},"slope":null,"std_dev":{"confidence_interval":{"confidence_level":0.95,"lower_bound":15826040.339035602,"upper_bound":29419239.160761997},"point_estimate":23986946.44797851,"standard_error":3458334.7170180297}}