{"mean":{"confidence_interval":{"confidence_level":0.95,"lower_bound":6080442624.666666,"upper_bound":6133734747.5},"point_estimate":6105413746.666667,"standard_error":13576108.404492512},"median":{"confidence_interval":{"confidence_level":0.95,"lower_bound":6075772600.0,"upper_bound":6126704700.0},"point_estimate":6100901800.0,"standard_error":12599396.192490183},"median_abs_dev":{"confidence_interval":{"confidence_level":0.95,"lower_bound":9794500.206112862,"upper_bound":84016123.56841564},"point_estimate":38255378.86083126,"standard_error":20375018.78126915},"slope":null,"std_dev":{"confidence_interval":{"confidence_level":0.95,"lower_bound":29124616.64663464,"upper_bound":72912028.19955984},"point_estimate":54345992.66706222,"standard_error":11718733.909109926}}