{"mean":{"confidence_interval":{"confidence_level":0.95,"lower_bound":2648409014.603333,"upper_bound":2674263852.445},"point_estimate":2661516353.733333,"standard_error":6612491.971400823},"median":{"confidence_interval":{"confidence_level":0.95,"lower_bound":2644718788.0,"upper_bound":2684277151.0},"point_estimate":2660998749.0,"standard_error":9537639.298650831},"median_abs_dev":{"confidence_interval":{"confidence_level":0.95,"lower_bound":9131134.569489956,"upper_bound":48661739.180481434},"point_estimate":27180787.01144457,"standard_error":9472993.53702083},"slope":null,"std_dev":{"confidence_interval":{"confidence_level":0.95,"lower_bound":17225430.831659436,"upper_bound":32469248.156752132},"point_estimate":26450983.949133087,"standard_error":3910951.7562395497}}