{"mean":{"confidence_interval":{"confidence_level":0.95,"lower_bound":1525335623.94,"upper_bound":1545834473.615},"point_estimate":1533309394.4,"standard_error":5608569.294607267},"median":{"confidence_interval":{"confidence_level":0.95,"lower_bound":1521263500.0,"upper_bound":1534574708.0},"point_estimate":1528556750.0,"standard_error":2208069.818961178},"median_abs_dev":{"confidence_interval":{"confidence_level":0.95,"lower_bound":2331388.458609581,"upper_bound":12570778.369224072},"point_estimate":8922224.372398853,"standard_error":2955714.3977307},"slope":null,"std_dev":{"confidence_interval":{"confidence_level":0.95,"lower_bound":4829753.910089195,"upper_bound":35851088.96013965},"point_estimate":22531703.6358895,"standard_error":10394709.488166057}}