{"mean":{"confidence_interval":{"confidence_level":0.95,"lower_bound":946967911.65,"upper_bound":956624453.7033334},"point_estimate":951674527.7333333,"standard_error":2477533.385826546},"median":{"confidence_interval":{"confidence_level":0.95,"lower_bound":945999416.0,"upper_bound":954028542.0},"point_estimate":949750459.0,"standard_error":2381466.3363212296},"median_abs_dev":{"confidence_interval":{"confidence_level":0.95,"lower_bound":2762022.9643642902,"upper_bound":18468067.358726263},"point_estimate":6342685.7431948185,"standard_error":3901186.3430474815},"slope":null,"std_dev":{"confidence_interval":{"confidence_level":0.95,"lower_bound":5846542.112204622,"upper_bound":12467917.203419773},"point_estimate":9950273.422116028,"standard_error":1664478.589023911}}