{"mean":{"confidence_interval":{"confidence_level":0.95,"lower_bound":1685925257.665,"upper_bound":1697553635.5983331},"point_estimate":1691841980.6,"standard_error":2984691.3752920395},"median":{"confidence_interval":{"confidence_level":0.95,"lower_bound":1678797708.0,"upper_bound":1701420791.0},"point_estimate":1693342750.0,"standard_error":5581041.616778595},"median_abs_dev":{"confidence_interval":{"confidence_level":0.95,"lower_bound":3694207.697814703,"upper_bound":21277656.578046083},"point_estimate":14169147.161847353,"standard_error":4942203.037259235},"slope":null,"std_dev":{"confidence_interval":{"confidence_level":0.95,"lower_bound":8474994.883165194,"upper_bound":13978201.599412858},"point_estimate":12005432.766063161,"standard_error":1396423.8566458938}}