{"mean":{"confidence_interval":{"confidence_level":0.95,"lower_bound":1298299732.9933333,"upper_bound":1328250829.345},"point_estimate":1312188297.2666667,"standard_error":7707314.638210343},"median":{"confidence_interval":{"confidence_level":0.95,"lower_bound":1292287542.0,"upper_bound":1319964250.0},"point_estimate":1297419125.0,"standard_error":8490615.897293124},"median_abs_dev":{"confidence_interval":{"confidence_level":0.95,"lower_bound":4056455.7971835136,"upper_bound":44084429.70394492},"point_estimate":15336632.371920347,"standard_error":9516472.331908952},"slope":null,"std_dev":{"confidence_interval":{"confidence_level":0.95,"lower_bound":12410864.053528098,"upper_bound":38399684.304596424},"point_estimate":30795472.336216033,"standard_error":6110602.397766399}}