{"mean":{"confidence_interval":{"confidence_level":0.95,"lower_bound":909400646.2816666,"upper_bound":914793850.1333333},"point_estimate":912024441.8666667,"standard_error":1373632.8633932977},"median":{"confidence_interval":{"confidence_level":0.95,"lower_bound":908406667.0,"upper_bound":914819917.0},"point_estimate":911531625.0,"standard_error":1720715.1988144866},"median_abs_dev":{"confidence_interval":{"confidence_level":0.95,"lower_bound":2021092.1449184418,"upper_bound":9085804.075294733},"point_estimate":4633062.648546696,"standard_error":1667760.1043022887},"slope":null,"std_dev":{"confidence_interval":{"confidence_level":0.95,"lower_bound":3118193.971385422,"upper_bound":7075801.939858294},"point_estimate":5493174.799777992,"standard_error":1003372.4942089949}}