{"mean":{"confidence_interval":{"confidence_level":0.95,"lower_bound":3681792729.6666665,"upper_bound":3725618768.333333},"point_estimate":3703253080.0,"standard_error":11188399.208445989},"median":{"confidence_interval":{"confidence_level":0.95,"lower_bound":3677283700.0,"upper_bound":3721141100.0},"point_estimate":3702483900.0,"standard_error":13739456.657520868},"median_abs_dev":{"confidence_interval":{"confidence_level":0.95,"lower_bound":16050034.275054932,"upper_bound":71301790.97414017},"point_estimate":37361815.856695175,"standard_error":14816251.311087431},"slope":null,"std_dev":{"confidence_interval":{"confidence_level":0.95,"lower_bound":27228682.295044016,"upper_bound":57463679.581727825},"point_estimate":44957118.08285758,"standard_error":7830367.479903735}}