{"mean":{"confidence_interval":{"confidence_level":0.95,"lower_bound":1040564911.2433333,"upper_bound":1054039380.2566667},"point_estimate":1047043475.3333334,"standard_error":3456734.7565600555},"median":{"confidence_interval":{"confidence_level":0.95,"lower_bound":1036487750.0,"upper_bound":1062179557.0},"point_estimate":1043016964.0,"standard_error":4759741.634127916},"median_abs_dev":{"confidence_interval":{"confidence_level":0.95,"lower_bound":4530271.027171612,"upper_bound":20616972.964775562},"point_estimate":12719053.192591667,"standard_error":4995698.592899723},"slope":null,"std_dev":{"confidence_interval":{"confidence_level":0.95,"lower_bound":8717142.186847618,"upper_bound":16372950.505887358},"point_estimate":13796194.643163184,"standard_error":1951602.417799296}}