{"mean":{"confidence_interval":{"confidence_level":0.95,"lower_bound":1954101850.0,"upper_bound":1981626430.0},"point_estimate":1967725940.0,"standard_error":7044870.400750502},"median":{"confidence_interval":{"confidence_level":0.95,"lower_bound":1944398800.0,"upper_bound":1985807250.0},"point_estimate":1974212700.0,"standard_error":11355837.764727656},"median_abs_dev":{"confidence_interval":{"confidence_level":0.95,"lower_bound":2033311.7339015007,"upper_bound":45036420.49044371},"point_estimate":33718326.42138004,"standard_error":12161325.441599177},"slope":null,"std_dev":{"confidence_interval":{"confidence_level":0.95,"lower_bound":14893535.841987139,"upper_bound":29031754.064135436},"point_estimate":23731378.034586288,"standard_error":3698332.940441037}}