{"mean":{"confidence_interval":{"confidence_level":0.95,"lower_bound":2432929370.166667,"upper_bound":2467685224.5},"point_estimate":2449847693.3333335,"standard_error":8913453.82178261},"median":{"confidence_interval":{"confidence_level":0.95,"lower_bound":2417706400.0,"upper_bound":2496696300.0},"point_estimate":2444432100.0,"standard_error":12359078.21058513},"median_abs_dev":{"confidence_interval":{"confidence_level":0.95,"lower_bound":5674947.919249535,"upper_bound":66014098.16801548},"point_estimate":39623522.11654186,"standard_error":16603583.778008983},"slope":null,"std_dev":{"confidence_interval":{"confidence_level":0.95,"lower_bound":24689115.386026092,"upper_bound":42054301.00861889},"point_estimate":35776583.51900157,"standard_error":4469981.687034187}}