{"mean":{"confidence_interval":{"confidence_level":0.95,"lower_bound":1638733198.025,"upper_bound":1813914774.9633334},"point_estimate":1704307494.4666667,"standard_error":49751485.77136951},"median":{"confidence_interval":{"confidence_level":0.95,"lower_bound":1641236917.0,"upper_bound":1683396083.0},"point_estimate":1652263208.0,"standard_error":11663042.504079109},"median_abs_dev":{"confidence_interval":{"confidence_level":0.95,"lower_bound":13655980.763357878,"upper_bound":72753217.80077219},"point_estimate":35057127.54101157,"standard_error":16385445.278449865},"slope":null,"std_dev":{"confidence_interval":{"confidence_level":0.95,"lower_bound":26242710.125646077,"upper_bound":317561530.6809218},"point_estimate":198314577.72534177,"standard_error":98805973.25516492}}