{"mean":{"confidence_interval":{"confidence_level":0.95,"lower_bound":1559162948.8,"upper_bound":1572133823.7233334},"point_estimate":1565943174.3333333,"standard_error":3320042.2734181345},"median":{"confidence_interval":{"confidence_level":0.95,"lower_bound":1556296399.0,"upper_bound":1574883341.0},"point_estimate":1568217970.0,"standard_error":3208290.937456593},"median_abs_dev":{"confidence_interval":{"confidence_level":0.95,"lower_bound":1795351.4729261398,"upper_bound":19666927.349442244},"point_estimate":10927688.43099475,"standard_error":4602841.468247157},"slope":null,"std_dev":{"confidence_interval":{"confidence_level":0.95,"lower_bound":7359729.832911428,"upper_bound":17661159.63573438},"point_estimate":13293062.702268893,"standard_error":2722470.0275944797}}