{"mean":{"confidence_interval":{"confidence_level":0.95,"lower_bound":2209972017.0,"upper_bound":2256899948.1666665},"point_estimate":2231993753.3333335,"standard_error":11994141.618664555},"median":{"confidence_interval":{"confidence_level":0.95,"lower_bound":2194217700.0,"upper_bound":2258110500.0},"point_estimate":2232882000.0,"standard_error":19064142.287926164},"median_abs_dev":{"confidence_interval":{"confidence_level":0.95,"lower_bound":13267045.864462852,"upper_bound":72363332.55529404},"point_estimate":42529862.844944,"standard_error":15649695.666332541},"slope":null,"std_dev":{"confidence_interval":{"confidence_level":0.95,"lower_bound":27848297.907421615,"upper_bound":66080188.46103792},"point_estimate":48136912.616409145,"standard_error":10831214.576655982}}