{"mean":{"confidence_interval":{"confidence_level":0.95,"lower_bound":2983381731.7850003,"upper_bound":2997549771.2516665},"point_estimate":2990797825.6666665,"standard_error":3612990.694557834},"median":{"confidence_interval":{"confidence_level":0.95,"lower_bound":2981461253.0,"upper_bound":2998637264.0},"point_estimate":2993840928.0,"standard_error":3996473.880288081},"median_abs_dev":{"confidence_interval":{"confidence_level":0.95,"lower_bound":4209409.706068039,"upper_bound":22035680.292588472},"point_estimate":11562454.714125395,"standard_error":4303466.368846019},"slope":null,"std_dev":{"confidence_interval":{"confidence_level":0.95,"lower_bound":7684113.246943714,"upper_bound":19049155.97794581},"point_estimate":14544136.365152111,"standard_error":2920080.246982483}}