{"mean":{"confidence_interval":{"confidence_level":0.95,"lower_bound":5715421523.498333,"upper_bound":5791635664.559999},"point_estimate":5752829381.733334,"standard_error":19475826.859441757},"median":{"confidence_interval":{"confidence_level":0.95,"lower_bound":5687059120.0,"upper_bound":5823147733.0},"point_estimate":5739381498.0,"standard_error":33308128.01644847},"median_abs_dev":{"confidence_interval":{"confidence_level":0.95,"lower_bound":39201491.13843441,"upper_bound":126338548.4380424},"point_estimate":94487570.0269103,"standard_error":27081844.159322117},"slope":null,"std_dev":{"confidence_interval":{"confidence_level":0.95,"lower_bound":53557801.120531246,"upper_bound":94763052.5717884},"point_estimate":78310092.6125835,"standard_error":10515240.54474597}}