{"mean":{"confidence_interval":{"confidence_level":0.95,"lower_bound":4936784621.28,"upper_bound":5011536808.88},"point_estimate":4973615483.4,"standard_error":19137676.617434032},"median":{"confidence_interval":{"confidence_level":0.95,"lower_bound":4898239125.0,"upper_bound":5059180792.0},"point_estimate":4962128834.0,"standard_error":48897683.07650111},"median_abs_dev":{"confidence_interval":{"confidence_level":0.95,"lower_bound":12414303.28540206,"upper_bound":121327827.54600048},"point_estimate":108320546.54032588,"standard_error":34958558.51752334},"slope":null,"std_dev":{"confidence_interval":{"confidence_level":0.95,"lower_bound":58695605.861608446,"upper_bound":84267859.60761933},"point_estimate":76527587.7662524,"standard_error":6537460.229536917}}