{"mean":{"confidence_interval":{"confidence_level":0.95,"lower_bound":994551401.1366667,"upper_bound":1002124502.5649999},"point_estimate":998223187.8666667,"standard_error":1940639.556691974},"median":{"confidence_interval":{"confidence_level":0.95,"lower_bound":991877550.0,"upper_bound":1001918394.0},"point_estimate":997462477.0,"standard_error":2285017.8336613406},"median_abs_dev":{"confidence_interval":{"confidence_level":0.95,"lower_bound":2327222.352683544,"upper_bound":12281816.669154167},"point_estimate":7725303.622448444,"standard_error":2666209.954678057},"slope":null,"std_dev":{"confidence_interval":{"confidence_level":0.95,"lower_bound":4495488.310271198,"upper_bound":9955593.477276212},"point_estimate":7769521.929207337,"standard_error":1395028.8050222108}}