{"mean":{"confidence_interval":{"confidence_level":0.95,"lower_bound":4535904908.833333,"upper_bound":4625425809.166666},"point_estimate":4578793966.666667,"standard_error":22896963.15030187},"median":{"confidence_interval":{"confidence_level":0.95,"lower_bound":4522184100.0,"upper_bound":4639711500.0},"point_estimate":4548478600.0,"standard_error":35658485.46775302},"median_abs_dev":{"confidence_interval":{"confidence_level":0.95,"lower_bound":21691475.43489933,"upper_bound":152554644.71161366},"point_estimate":96424892.30811596,"standard_error":37732445.337552},"slope":null,"std_dev":{"confidence_interval":{"confidence_level":0.95,"lower_bound":55489075.57387246,"upper_bound":120114805.58872627},"point_estimate":91988773.02676411,"standard_error":17169942.5158893}}