{"mean":{"confidence_interval":{"confidence_level":0.95,"lower_bound":1412494133.025,"upper_bound":1423091276.9866667},"point_estimate":1417725836.2,"standard_error":2706864.3260502643},"median":{"confidence_interval":{"confidence_level":0.95,"lower_bound":1408079292.0,"upper_bound":1426937042.0},"point_estimate":1415530125.0,"standard_error":3830806.0473215},"median_abs_dev":{"confidence_interval":{"confidence_level":0.95,"lower_bound":4477637.245506048,"upper_bound":19905449.51580763},"point_estimate":12074171.129840612,"standard_error":3894995.8764291285},"slope":null,"std_dev":{"confidence_interval":{"confidence_level":0.95,"lower_bound":7389603.188068122,"upper_bound":12951158.49762418},"point_estimate":10849791.652915955,"standard_error":1419107.2246328332}}