{"mean":{"confidence_interval":{"confidence_level":0.95,"lower_bound":892369281.7933333,"upper_bound":929839558.685},"point_estimate":910503944.4,"standard_error":9579203.521035485},"median":{"confidence_interval":{"confidence_level":0.95,"lower_bound":878984333.0,"upper_bound":930617416.0},"point_estimate":907384458.0,"standard_error":10864137.097737605},"median_abs_dev":{"confidence_interval":{"confidence_level":0.95,"lower_bound":10173291.155987978,"upper_bound":68814631.66669607},"point_estimate":35006284.74011421,"standard_error":13153664.105281994},"slope":null,"std_dev":{"confidence_interval":{"confidence_level":0.95,"lower_bound":22116334.88778875,"upper_bound":48559825.00946014},"point_estimate":38450601.26991204,"standard_error":6764879.876774435}}