{"mean":{"confidence_interval":{"confidence_level":0.95,"lower_bound":907995302.1750001,"upper_bound":913075821.1016666},"point_estimate":910522180.4,"standard_error":1296197.059800623},"median":{"confidence_interval":{"confidence_level":0.95,"lower_bound":907550833.0,"upper_bound":912240375.0},"point_estimate":909513750.0,"standard_error":1439039.8476383416},"median_abs_dev":{"confidence_interval":{"confidence_level":0.95,"lower_bound":1299436.6077303886,"upper_bound":7820157.403564453},"point_estimate":4042494.1532313824,"standard_error":1607055.4429008137},"slope":null,"std_dev":{"confidence_interval":{"confidence_level":0.95,"lower_bound":2935611.254380542,"upper_bound":6813231.733591405},"point_estimate":5194845.762594522,"standard_error":990187.219561674}}