{"mean":{"confidence_interval":{"confidence_level":0.95,"lower_bound":894899342.1833333,"upper_bound":899049718.5883334},"point_estimate":897005930.6666666,"standard_error":1057545.3593165244},"median":{"confidence_interval":{"confidence_level":0.95,"lower_bound":894680458.0,"upper_bound":900650167.0},"point_estimate":896030500.0,"standard_error":2101371.1574652256},"median_abs_dev":{"confidence_interval":{"confidence_level":0.95,"lower_bound":940399.8199045658,"upper_bound":8344072.651863098},"point_estimate":5644381.155592203,"standard_error":2082718.367090814},"slope":null,"std_dev":{"confidence_interval":{"confidence_level":0.95,"lower_bound":2963977.54649587,"upper_bound":5168539.837018411},"point_estimate":4231507.18598763,"standard_error":579089.3855062266}}