{"mean":{"confidence_interval":{"confidence_level":0.95,"lower_bound":3082927496.333333,"upper_bound":3134689380.1666665},"point_estimate":3106922133.3333335,"standard_error":13313708.887777941},"median":{"confidence_interval":{"confidence_level":0.95,"lower_bound":3083609400.0,"upper_bound":3109175400.0},"point_estimate":3098644900.0,"standard_error":9576748.760693375},"median_abs_dev":{"confidence_interval":{"confidence_level":0.95,"lower_bound":9873967.564702034,"upper_bound":64841954.62882519},"point_estimate":30537111.657857895,"standard_error":13183746.650637142},"slope":null,"std_dev":{"confidence_interval":{"confidence_level":0.95,"lower_bound":22263114.912188042,"upper_bound":72354803.86405708},"point_estimate":53443134.126506925,"standard_error":13025360.272431094}}