{"mean":{"confidence_interval":{"confidence_level":0.95,"lower_bound":3114774863.733333,"upper_bound":3400102431.048333},"point_estimate":3222148047.133333,"standard_error":80287216.20086454},"median":{"confidence_interval":{"confidence_level":0.95,"lower_bound":3084783500.0,"upper_bound":3228371000.0},"point_estimate":3159182458.0,"standard_error":39406953.65396243},"median_abs_dev":{"confidence_interval":{"confidence_level":0.95,"lower_bound":31961642.638367414,"upper_bound":148865083.48211646},"point_estimate":110303893.17251444,"standard_error":29332550.297149207},"slope":null,"std_dev":{"confidence_interval":{"confidence_level":0.95,"lower_bound":59621098.17304474,"upper_bound":513762719.72728443},"point_estimate":320787563.5674691,"standard_error":156731754.44715413}}