{"mean":{"confidence_interval":{"confidence_level":0.95,"lower_bound":3142519676.0133333,"upper_bound":3149712093.8233337},"point_estimate":3146048027.733333,"standard_error":1840536.4149244907},"median":{"confidence_interval":{"confidence_level":0.95,"lower_bound":3142345875.0,"upper_bound":3151572667.0},"point_estimate":3146530209.0,"standard_error":2466544.6270985133},"median_abs_dev":{"confidence_interval":{"confidence_level":0.95,"lower_bound":3360375.109541416,"upper_bound":12959652.481520176},"point_estimate":7475948.09807539,"standard_error":2303698.982890935},"slope":null,"std_dev":{"confidence_interval":{"confidence_level":0.95,"lower_bound":4719642.626878617,"upper_bound":9214984.974531194},"point_estimate":7344718.205498701,"standard_error":1160308.4790622853}}