{"mean":{"confidence_interval":{"confidence_level":0.95,"lower_bound":1133636381.6316667,"upper_bound":1178219597.6316667},"point_estimate":1155131633.4666667,"standard_error":11368448.101515744},"median":{"confidence_interval":{"confidence_level":0.95,"lower_bound":1127648875.0,"upper_bound":1193812041.0},"point_estimate":1144227584.0,"standard_error":18445142.69376727},"median_abs_dev":{"confidence_interval":{"confidence_level":0.95,"lower_bound":6530606.772458553,"upper_bound":75522840.57260156},"point_estimate":51952341.65266156,"standard_error":18101648.062798932},"slope":null,"std_dev":{"confidence_interval":{"confidence_level":0.95,"lower_bound":28991842.070837542,"upper_bound":56926253.782010905},"point_estimate":45326712.4385458,"standard_error":7269745.561862724}}