{"mean":{"confidence_interval":{"confidence_level":0.95,"lower_bound":2877526052.6666665,"upper_bound":2907907303.166667},"point_estimate":2892026240.0,"standard_error":7765283.499903294},"median":{"confidence_interval":{"confidence_level":0.95,"lower_bound":2869387400.0,"upper_bound":2904917500.0},"point_estimate":2884687700.0,"standard_error":10894606.558820644},"median_abs_dev":{"confidence_interval":{"confidence_level":0.95,"lower_bound":11236625.200510025,"upper_bound":53615114.58814144},"point_estimate":29992700.947523117,"standard_error":10325117.01857097},"slope":null,"std_dev":{"confidence_interval":{"confidence_level":0.95,"lower_bound":17780542.959800713,"upper_bound":38431074.24343644},"point_estimate":30973294.42738419,"standard_error":5255126.490315028}}