{"mean":{"confidence_interval":{"confidence_level":0.95,"lower_bound":2468547438.1666665,"upper_bound":2514863474.833333},"point_estimate":2489638793.3333335,"standard_error":11905781.20808446},"median":{"confidence_interval":{"confidence_level":0.95,"lower_bound":2466108000.0,"upper_bound":2522564600.0},"point_estimate":2482096600.0,"standard_error":10942531.08269401},"median_abs_dev":{"confidence_interval":{"confidence_level":0.95,"lower_bound":9358022.773861885,"upper_bound":62095586.43758297},"point_estimate":30382328.22060585,"standard_error":14082829.488462377},"slope":null,"std_dev":{"confidence_interval":{"confidence_level":0.95,"lower_bound":22514873.52387219,"upper_bound":67969946.38989344},"point_estimate":47870873.49156011,"standard_error":12792499.021770678}}