{"mean":{"confidence_interval":{"confidence_level":0.95,"lower_bound":3094597553.0,"upper_bound":3274702064.18},"point_estimate":3167764183.4,"standard_error":47672734.43106373},"median":{"confidence_interval":{"confidence_level":0.95,"lower_bound":3073633000.0,"upper_bound":3194986625.0},"point_estimate":3131664459.0,"standard_error":26471863.896208335},"median_abs_dev":{"confidence_interval":{"confidence_level":0.95,"lower_bound":15210488.318359852,"upper_bound":143723118.3926046},"point_estimate":93199445.65697908,"standard_error":29937511.844589964},"slope":null,"std_dev":{"confidence_interval":{"confidence_level":0.95,"lower_bound":52826462.03316141,"upper_bound":300365212.6322183},"point_estimate":191646981.68713212,"standard_error":78997043.96037541}}