{"mean":{"confidence_interval":{"confidence_level":0.95,"lower_bound":3141352931.6699996,"upper_bound":3150415902.7866664},"point_estimate":3145852608.3333335,"standard_error":2304741.640318953},"median":{"confidence_interval":{"confidence_level":0.95,"lower_bound":3142217500.0,"upper_bound":3150259125.0},"point_estimate":3143796125.0,"standard_error":2181765.5961666787},"median_abs_dev":{"confidence_interval":{"confidence_level":0.95,"lower_bound":1312100.9767055511,"upper_bound":15117332.114213705},"point_estimate":6701474.936825037,"standard_error":3550119.502324658},"slope":null,"std_dev":{"confidence_interval":{"confidence_level":0.95,"lower_bound":5347037.694862391,"upper_bound":11858016.219521416},"point_estimate":9214706.269258209,"standard_error":1658574.6531719265}}