{"mean":{"confidence_interval":{"confidence_level":0.95,"lower_bound":3544535337.833333,"upper_bound":3581200610.666667},"point_estimate":3563183480.0,"standard_error":9396178.871717297},"median":{"confidence_interval":{"confidence_level":0.95,"lower_bound":3535172200.0,"upper_bound":3585362400.0},"point_estimate":3563938700.0,"standard_error":13517283.59371494},"median_abs_dev":{"confidence_interval":{"confidence_level":0.95,"lower_bound":11622694.23365593,"upper_bound":64691322.47149944},"point_estimate":31762777.056097984,"standard_error":11953052.19826479},"slope":null,"std_dev":{"confidence_interval":{"confidence_level":0.95,"lower_bound":24122842.23266289,"upper_bound":47078569.27252367},"point_estimate":37694608.388150156,"standard_error":5895223.925167649}}