{"mean":{"confidence_interval":{"confidence_level":0.95,"lower_bound":6388631447.281667,"upper_bound":6410994494.62},"point_estimate":6399890036.2,"standard_error":5702288.370499955},"median":{"confidence_interval":{"confidence_level":0.95,"lower_bound":6387697125.0,"upper_bound":6419307875.0},"point_estimate":6403427250.0,"standard_error":8107872.82775838},"median_abs_dev":{"confidence_interval":{"confidence_level":0.95,"lower_bound":6624009.088200331,"upper_bound":35981402.60360241},"point_estimate":23544614.20699954,"standard_error":6624047.999459317},"slope":null,"std_dev":{"confidence_interval":{"confidence_level":0.95,"lower_bound":14217091.269715182,"upper_bound":29042677.892608646},"point_estimate":22808159.216622535,"standard_error":3808003.8937660754}}