{"mean":{"confidence_interval":{"confidence_level":0.95,"lower_bound":8687187417.738335,"upper_bound":8752983809.878334},"point_estimate":8719407194.333334,"standard_error":16833842.7917817},"median":{"confidence_interval":{"confidence_level":0.95,"lower_bound":8650932125.0,"upper_bound":8778619333.0},"point_estimate":8715469375.0,"standard_error":29288327.120410647},"median_abs_dev":{"confidence_interval":{"confidence_level":0.95,"lower_bound":20133274.723362923,"upper_bound":115160644.57468987},"point_estimate":93626126.06860399,"standard_error":26668901.590322677},"slope":null,"std_dev":{"confidence_interval":{"confidence_level":0.95,"lower_bound":46689813.85578562,"upper_bound":79972262.15024257},"point_estimate":67679585.25347395,"standard_error":8457716.663684696}}