{"mean":{"confidence_interval":{"confidence_level":0.95,"lower_bound":5609822416.758333,"upper_bound":5650737579.041667},"point_estimate":5627969741.666667,"standard_error":10487613.780560022},"median":{"confidence_interval":{"confidence_level":0.95,"lower_bound":5602320250.0,"upper_bound":5648455625.0},"point_estimate":5619294291.0,"standard_error":9250860.156784313},"median_abs_dev":{"confidence_interval":{"confidence_level":0.95,"lower_bound":9189216.906058788,"upper_bound":53071583.059591055},"point_estimate":27178466.74248576,"standard_error":10336881.328350877},"slope":null,"std_dev":{"confidence_interval":{"confidence_level":0.95,"lower_bound":18928529.800876036,"upper_bound":61000279.98474451},"point_estimate":41913929.87875414,"standard_error":12177716.350129984}}