{"mean":{"confidence_interval":{"confidence_level":0.95,"lower_bound":5456307597.066667,"upper_bound":5491108789.766667},"point_estimate":5470906169.4,"standard_error":9068851.244112609},"median":{"confidence_interval":{"confidence_level":0.95,"lower_bound":5455924125.0,"upper_bound":5480480875.0},"point_estimate":5459562958.0,"standard_error":7438722.551638978},"median_abs_dev":{"confidence_interval":{"confidence_level":0.95,"lower_bound":2722361.9324684143,"upper_bound":33685474.97116327},"point_estimate":21968239.78498578,"standard_error":8307279.569375266},"slope":null,"std_dev":{"confidence_interval":{"confidence_level":0.95,"lower_bound":12470523.571066853,"upper_bound":55792085.103123195},"point_estimate":36399925.661745034,"standard_error":13368356.149279127}}