{"mean":{"confidence_interval":{"confidence_level":0.95,"lower_bound":15918787323.013334,"upper_bound":15983610690.483334},"point_estimate":15949839783.2,"standard_error":16622363.833937714},"median":{"confidence_interval":{"confidence_level":0.95,"lower_bound":15910733708.0,"upper_bound":16030385375.0},"point_estimate":15937700375.0,"standard_error":19582946.854064584},"median_abs_dev":{"confidence_interval":{"confidence_level":0.95,"lower_bound":6916204.338812828,"upper_bound":111589801.05548501},"point_estimate":43219086.507707834,"standard_error":26794775.35810837},"slope":null,"std_dev":{"confidence_interval":{"confidence_level":0.95,"lower_bound":40666507.17293654,"upper_bound":80476792.83219396},"point_estimate":66788313.70909622,"standard_error":10148910.652934596}}