{"mean":{"confidence_interval":{"confidence_level":0.95,"lower_bound":15883694888.623333,"upper_bound":15984840117.588333},"point_estimate":15932725419.4,"standard_error":25845354.872437034},"median":{"confidence_interval":{"confidence_level":0.95,"lower_bound":15868643959.0,"upper_bound":15988611667.0},"point_estimate":15924332666.0,"standard_error":34854827.03088267},"median_abs_dev":{"confidence_interval":{"confidence_level":0.95,"lower_bound":27254448.508536816,"upper_bound":177646918.34433675},"point_estimate":82564075.53239465,"standard_error":36842184.4440431},"slope":null,"std_dev":{"confidence_interval":{"confidence_level":0.95,"lower_bound":64775295.27989159,"upper_bound":127620634.32729907},"point_estimate":103679611.81037459,"standard_error":15880845.530260555}}