{"mean":{"confidence_interval":{"confidence_level":0.95,"lower_bound":1982438669.5716667,"upper_bound":1988660975.345},"point_estimate":1985462644.4666667,"standard_error":1591276.3577159536},"median":{"confidence_interval":{"confidence_level":0.95,"lower_bound":1980710584.0,"upper_bound":1989410958.0},"point_estimate":1985701625.0,"standard_error":1672175.2183329791},"median_abs_dev":{"confidence_interval":{"confidence_level":0.95,"lower_bound":1162296.1101651192,"upper_bound":10020891.739493608},"point_estimate":6465185.566020012,"standard_error":2207571.613312327},"slope":null,"std_dev":{"confidence_interval":{"confidence_level":0.95,"lower_bound":3675497.178314721,"upper_bound":8154329.82921855},"point_estimate":6370334.022332983,"standard_error":1141327.475156943}}