{"mean":{"confidence_interval":{"confidence_level":0.95,"lower_bound":1457924733.3916667,"upper_bound":1463999639.535},"point_estimate":1460945830.6,"standard_error":1554330.5826353838},"median":{"confidence_interval":{"confidence_level":0.95,"lower_bound":1455950958.0,"upper_bound":1467921083.0},"point_estimate":1459905958.0,"standard_error":2735347.14427649},"median_abs_dev":{"confidence_interval":{"confidence_level":0.95,"lower_bound":2287653.2419860363,"upper_bound":10269041.910088062},"point_estimate":5942878.938692808,"standard_error":2233127.0614073924},"slope":null,"std_dev":{"confidence_interval":{"confidence_level":0.95,"lower_bound":4359944.931169217,"upper_bound":7353227.387521981},"point_estimate":6230581.541431241,"standard_error":758336.9953126203}}