{"mean":{"confidence_interval":{"confidence_level":0.95,"lower_bound":1913776138.6666667,"upper_bound":1933796505.4666667},"point_estimate":1922627091.5333333,"standard_error":5182131.595867959},"median":{"confidence_interval":{"confidence_level":0.95,"lower_bound":1912287750.0,"upper_bound":1926017916.0},"point_estimate":1914026792.0,"standard_error":2857293.605801904},"median_abs_dev":{"confidence_interval":{"confidence_level":0.95,"lower_bound":1379620.0621068478,"upper_bound":16287841.828233004},"point_estimate":5226351.714813709,"standard_error":4311876.117669596},"slope":null,"std_dev":{"confidence_interval":{"confidence_level":0.95,"lower_bound":5281417.742027709,"upper_bound":28972393.3178515},"point_estimate":20865048.418241307,"standard_error":6286139.077859273}}