{"mean":{"confidence_interval":{"confidence_level":0.95,"lower_bound":4329558855.6,"upper_bound":4350782966.4},"point_estimate":4341242952.6,"standard_error":5447696.3153479025},"median":{"confidence_interval":{"confidence_level":0.95,"lower_bound":4335277750.0,"upper_bound":4355920291.0},"point_estimate":4346410667.0,"standard_error":3773910.6556433965},"median_abs_dev":{"confidence_interval":{"confidence_level":0.95,"lower_bound":4265254.79927659,"upper_bound":25976264.97142911},"point_estimate":14098968.292093277,"standard_error":5413199.716828081},"slope":null,"std_dev":{"confidence_interval":{"confidence_level":0.95,"lower_bound":8392079.982580367,"upper_bound":28826185.760534946},"point_estimate":21752083.17829173,"standard_error":5411886.652738499}}