{"mean":{"confidence_interval":{"confidence_level":0.95,"lower_bound":1737306418.2366667,"upper_bound":1746114893.56},"point_estimate":1741271075.0,"standard_error":2261462.814345486},"median":{"confidence_interval":{"confidence_level":0.95,"lower_bound":1736542417.0,"upper_bound":1743416042.0},"point_estimate":1737381208.0,"standard_error":2180534.40312012},"median_abs_dev":{"confidence_interval":{"confidence_level":0.95,"lower_bound":529967.221391201,"upper_bound":12050077.397668362},"point_estimate":5833042.002242804,"standard_error":2810240.6582520218},"slope":null,"std_dev":{"confidence_interval":{"confidence_level":0.95,"lower_bound":3809498.6225069817,"upper_bound":12599363.143684445},"point_estimate":9045667.181846028,"standard_error":2361818.4469467634}}