{"mean":{"confidence_interval":{"confidence_level":0.95,"lower_bound":1793661678.9266667,"upper_bound":1800224926.625},"point_estimate":1796922263.9333334,"standard_error":1678150.3879655388},"median":{"confidence_interval":{"confidence_level":0.95,"lower_bound":1793963041.0,"upper_bound":1800538791.0},"point_estimate":1797066709.0,"standard_error":1977540.036184706},"median_abs_dev":{"confidence_interval":{"confidence_level":0.95,"lower_bound":2122218.8065230846,"upper_bound":12739858.518022299},"point_estimate":5147708.681809902,"standard_error":2540446.624757873},"slope":null,"std_dev":{"confidence_interval":{"confidence_level":0.95,"lower_bound":4299798.757869147,"upper_bound":8403716.322832838},"point_estimate":6725895.040476583,"standard_error":1058433.2886686695}}