{"mean":{"confidence_interval":{"confidence_level":0.95,"lower_bound":2642402212.5433335,"upper_bound":2661566522.3883333},"point_estimate":2651986639.6666665,"standard_error":4902467.989109796},"median":{"confidence_interval":{"confidence_level":0.95,"lower_bound":2634756897.0,"upper_bound":2667099777.0},"point_estimate":2650169987.0,"standard_error":6136727.095291691},"median_abs_dev":{"confidence_interval":{"confidence_level":0.95,"lower_bound":8522856.417489052,"upper_bound":33568066.39664769},"point_estimate":22851446.82830572,"standard_error":6968779.640254152},"slope":null,"std_dev":{"confidence_interval":{"confidence_level":0.95,"lower_bound":12848948.614335217,"upper_bound":24335413.964444045},"point_estimate":19695333.870055668,"standard_error":2941103.4936964842}}