{"mean":{"confidence_interval":{"confidence_level":0.95,"lower_bound":1959374939.4285717,"upper_bound":1977118496.1392858},"point_estimate":1968484067.8452384,"standard_error":4558910.699027853},"median":{"confidence_interval":{"confidence_level":0.95,"lower_bound":1950665950.0,"upper_bound":1983942514.2857144},"point_estimate":1972292246.6666665,"standard_error":8081543.62562089},"median_abs_dev":{"confidence_interval":{"confidence_level":0.95,"lower_bound":378718.24952625553,"upper_bound":25223147.709699716},"point_estimate":17373789.193553895,"standard_error":6453984.384232623},"slope":{"confidence_interval":{"confidence_level":0.95,"lower_bound":1966349823.7864077,"upper_bound":1979589046.745562},"point_estimate":1974796035.5844157,"standard_error":3356699.9760641186},"std_dev":{"confidence_interval":{"confidence_level":0.95,"lower_bound":8926105.232497213,"upper_bound":17701327.829815954},"point_estimate":15232671.864704419,"standard_error":2193609.858312415}}