{"mean":{"confidence_interval":{"confidence_level":0.95,"lower_bound":2092687640.3333335,"upper_bound":2236709240.3333335},"point_estimate":2146113640.0,"standard_error":41344970.616558455},"median":{"confidence_interval":{"confidence_level":0.95,"lower_bound":2081241900.0,"upper_bound":2133552800.0},"point_estimate":2107251600.0,"standard_error":13370125.726326805},"median_abs_dev":{"confidence_interval":{"confidence_level":0.95,"lower_bound":13709750.21660328,"upper_bound":58188490.726947784},"point_estimate":38561980.53538799,"standard_error":11657436.453908127},"slope":null,"std_dev":{"confidence_interval":{"confidence_level":0.95,"lower_bound":21682482.846839886,"upper_bound":265400491.2126315},"point_estimate":165107924.47158745,"standard_error":84750223.9670481}}