{"mean":{"confidence_interval":{"confidence_level":0.95,"lower_bound":3456161304.088333,"upper_bound":3473531310.7916665},"point_estimate":3464865918.4666667,"standard_error":4444870.711686665},"median":{"confidence_interval":{"confidence_level":0.95,"lower_bound":3451361194.0,"upper_bound":3482205198.0},"point_estimate":3466528479.0,"standard_error":7753479.6267319415},"median_abs_dev":{"confidence_interval":{"confidence_level":0.95,"lower_bound":8657820.458292961,"upper_bound":30596436.41320467},"point_estimate":22487016.341775656,"standard_error":5681134.316329754},"slope":null,"std_dev":{"confidence_interval":{"confidence_level":0.95,"lower_bound":12515238.52533478,"upper_bound":21539613.7251248},"point_estimate":17900500.85027204,"standard_error":2312084.451811744}}