{"mean":{"confidence_interval":{"confidence_level":0.95,"lower_bound":983241787.085,"upper_bound":997953228.8},"point_estimate":990574935.5333333,"standard_error":3777549.9311452648},"median":{"confidence_interval":{"confidence_level":0.95,"lower_bound":981458885.0,"upper_bound":1001919243.0},"point_estimate":990040186.0,"standard_error":5367647.813340394},"median_abs_dev":{"confidence_interval":{"confidence_level":0.95,"lower_bound":7664429.550129175,"upper_bound":26393760.67621708},"point_estimate":15620124.760687351,"standard_error":4641442.485529865},"slope":null,"std_dev":{"confidence_interval":{"confidence_level":0.95,"lower_bound":9984639.009194523,"upper_bound":18873015.835424207},"point_estimate":15209194.121454626,"standard_error":2265632.083789993}}