{"mean":{"confidence_interval":{"confidence_level":0.95,"lower_bound":3607967384.1666665,"upper_bound":3653931175.333333},"point_estimate":3629926293.3333335,"standard_error":11763893.503092928},"median":{"confidence_interval":{"confidence_level":0.95,"lower_bound":3595105000.0,"upper_bound":3651486600.0},"point_estimate":3615299800.0,"standard_error":15681733.113324944},"median_abs_dev":{"confidence_interval":{"confidence_level":0.95,"lower_bound":18458221.412301064,"upper_bound":77748135.65969467},"point_estimate":44637082.18753338,"standard_error":14872770.217848286},"slope":null,"std_dev":{"confidence_interval":{"confidence_level":0.95,"lower_bound":26549976.072951976,"upper_bound":59217913.0007914},"point_estimate":47055409.38553894,"standard_error":8313276.285283224}}