{"mean":{"confidence_interval":{"confidence_level":0.95,"lower_bound":3546280101.04,"upper_bound":3580628746.3883333},"point_estimate":3560472847.133333,"standard_error":8979402.636358026},"median":{"confidence_interval":{"confidence_level":0.95,"lower_bound":3536712167.0,"upper_bound":3564891667.0},"point_estimate":3559499167.0,"standard_error":5685904.788321179},"median_abs_dev":{"confidence_interval":{"confidence_level":0.95,"lower_bound":3011283.6023390293,"upper_bound":31405669.130837917},"point_estimate":15762448.427760601,"standard_error":7698751.34895107},"slope":null,"std_dev":{"confidence_interval":{"confidence_level":0.95,"lower_bound":11366455.615837796,"upper_bound":55858733.327251524},"point_estimate":35875172.44253469,"standard_error":13983171.058624389}}