{"mean":{"confidence_interval":{"confidence_level":0.95,"lower_bound":3292649640.0,"upper_bound":3330705549.0},"point_estimate":3311735553.3333335,"standard_error":9755794.47074795},"median":{"confidence_interval":{"confidence_level":0.95,"lower_bound":3282878700.0,"upper_bound":3349230000.0},"point_estimate":3309052900.0,"standard_error":12565550.94460537},"median_abs_dev":{"confidence_interval":{"confidence_level":0.95,"lower_bound":12301725.021600723,"upper_bound":73435548.85625839},"point_estimate":46950679.44645882,"standard_error":18603417.932649523},"slope":null,"std_dev":{"confidence_interval":{"confidence_level":0.95,"lower_bound":26543736.80856144,"upper_bound":47025975.4511868},"point_estimate":39230172.84558016,"standard_error":5215127.47178506}}