{"mean":{"confidence_interval":{"confidence_level":0.95,"lower_bound":2861607698.8416667,"upper_bound":2934619677.1666665},"point_estimate":2894640422.4,"standard_error":18719741.89849439},"median":{"confidence_interval":{"confidence_level":0.95,"lower_bound":2842736583.0,"upper_bound":2921159500.0},"point_estimate":2862998208.0,"standard_error":21458589.131748192},"median_abs_dev":{"confidence_interval":{"confidence_level":0.95,"lower_bound":12056811.36674881,"upper_bound":88986329.45097685},"point_estimate":45491169.4847703,"standard_error":21399180.21819747},"slope":null,"std_dev":{"confidence_interval":{"confidence_level":0.95,"lower_bound":29562569.292139284,"upper_bound":99062764.82204288},"point_estimate":75069963.67772686,"standard_error":18294009.45966671}}