{"mean":{"confidence_interval":{"confidence_level":0.95,"lower_bound":3947344089.0666666,"upper_bound":3961074174.9333334},"point_estimate":3954099850.0,"standard_error":3522385.4413345577},"median":{"confidence_interval":{"confidence_level":0.95,"lower_bound":3946522166.0,"upper_bound":3962118000.0},"point_estimate":3952968917.0,"standard_error":3640901.9927263656},"median_abs_dev":{"confidence_interval":{"confidence_level":0.95,"lower_bound":4707440.2414262295,"upper_bound":27484436.829453707},"point_estimate":9557952.862912416,"standard_error":5758937.405381851},"slope":null,"std_dev":{"confidence_interval":{"confidence_level":0.95,"lower_bound":8630025.523246828,"upper_bound":17663647.40236201},"point_estimate":14051142.35090362,"standard_error":2309244.12734849}}