{"mean":{"confidence_interval":{"confidence_level":0.95,"lower_bound":1551017227.23,"upper_bound":1588430193.8200002},"point_estimate":1569096902.6666667,"standard_error":9616884.677212738},"median":{"confidence_interval":{"confidence_level":0.95,"lower_bound":1539330250.0,"upper_bound":1621288625.0},"point_estimate":1543967083.0,"standard_error":20843183.493600678},"median_abs_dev":{"confidence_interval":{"confidence_level":0.95,"lower_bound":4334320.236450434,"upper_bound":51859185.448515415},"point_estimate":19317351.032048464,"standard_error":15806359.870176475},"slope":null,"std_dev":{"confidence_interval":{"confidence_level":0.95,"lower_bound":26551018.94664915,"upper_bound":43224196.27563324},"point_estimate":38448817.095606595,"standard_error":4237203.281351434}}