{"mean":{"confidence_interval":{"confidence_level":0.95,"lower_bound":1506314266.195,"upper_bound":1511448010.0466666},"point_estimate":1508899977.9333334,"standard_error":1309162.0773111063},"median":{"confidence_interval":{"confidence_level":0.95,"lower_bound":1506350250.0,"upper_bound":1511330167.0},"point_estimate":1508175959.0,"standard_error":1506921.6454366506},"median_abs_dev":{"confidence_interval":{"confidence_level":0.95,"lower_bound":955658.7388336658,"upper_bound":8150222.705304623},"point_estimate":4232450.792258978,"standard_error":1701764.2926384807},"slope":null,"std_dev":{"confidence_interval":{"confidence_level":0.95,"lower_bound":3108303.257600908,"upper_bound":6784039.892781221},"point_estimate":5268777.544036371,"standard_error":938309.2934960686}}