{"mean":{"confidence_interval":{"confidence_level":0.95,"lower_bound":10489252422.0,"upper_bound":10564681627.833334},"point_estimate":10526475406.666666,"standard_error":19210097.09169301},"median":{"confidence_interval":{"confidence_level":0.95,"lower_bound":10500838000.0,"upper_bound":10536938684.999702},"point_estimate":10513608200.0,"standard_error":16616870.059756737},"median_abs_dev":{"confidence_interval":{"confidence_level":0.95,"lower_bound":17215802.634358406,"upper_bound":140381461.10773087},"point_estimate":32692663.759589195,"standard_error":33509573.98093102},"slope":null,"std_dev":{"confidence_interval":{"confidence_level":0.95,"lower_bound":45228635.09577596,"upper_bound":99773696.53675291},"point_estimate":77394166.46104968,"standard_error":13932676.856214704}}