{"mean":{"confidence_interval":{"confidence_level":0.95,"lower_bound":1963149462.0533333,"upper_bound":1985418877.7666667},"point_estimate":1973848342.3333333,"standard_error":5674751.607373749},"median":{"confidence_interval":{"confidence_level":0.95,"lower_bound":1959992160.0,"upper_bound":1982028175.0},"point_estimate":1968816660.0,"standard_error":6761618.121663054},"median_abs_dev":{"confidence_interval":{"confidence_level":0.95,"lower_bound":2918305.310189724,"upper_bound":29279432.478386164},"point_estimate":19236074.901491404,"standard_error":6469756.372034759},"slope":null,"std_dev":{"confidence_interval":{"confidence_level":0.95,"lower_bound":10738239.739239642,"upper_bound":31274297.40479157},"point_estimate":22663992.44749572,"standard_error":5279332.995306251}}