{"mean":{"confidence_interval":{"confidence_level":0.95,"lower_bound":2957171862.5,"upper_bound":3002368453.3333335},"point_estimate":2978165620.0,"standard_error":11574805.662979553},"median":{"confidence_interval":{"confidence_level":0.95,"lower_bound":2941224400.0,"upper_bound":3011958400.0},"point_estimate":2972400300.0,"standard_error":16129315.768177032},"median_abs_dev":{"confidence_interval":{"confidence_level":0.95,"lower_bound":13304110.863804817,"upper_bound":67025083.09006691},"point_estimate":46221388.51940632,"standard_error":13779040.307922253},"slope":null,"std_dev":{"confidence_interval":{"confidence_level":0.95,"lower_bound":25988052.246813443,"upper_bound":62933918.923833646},"point_estimate":46255106.348460905,"standard_error":10206381.05002016}}