{"mean":{"confidence_interval":{"confidence_level":0.95,"lower_bound":1282468807.1683333,"upper_bound":1314903551.8666666},"point_estimate":1297155544.0666666,"standard_error":8329308.269115178},"median":{"confidence_interval":{"confidence_level":0.95,"lower_bound":1276972975.0,"upper_bound":1315876479.0},"point_estimate":1283143232.0,"standard_error":9471780.373277202},"median_abs_dev":{"confidence_interval":{"confidence_level":0.95,"lower_bound":2933874.092513323,"upper_bound":46117241.80165529},"point_estimate":14118332.530349493,"standard_error":12113767.319058456},"slope":null,"std_dev":{"confidence_interval":{"confidence_level":0.95,"lower_bound":16281266.471928619,"upper_bound":46397240.06366911},"point_estimate":33315843.510432046,"standard_error":8355016.064389189}}