{"mean":{"confidence_interval":{"confidence_level":0.95,"lower_bound":9036160964.117855,"upper_bound":9071153736.666666},"point_estimate":9053610846.142857,"standard_error":8842949.097995114},"median":{"confidence_interval":{"confidence_level":0.95,"lower_bound":9030620475.0,"upper_bound":9074191500.0},"point_estimate":9055001316.666668,"standard_error":7283918.5311937565},"median_abs_dev":{"confidence_interval":{"confidence_level":0.95,"lower_bound":608437.8491982708,"upper_bound":58540645.28569579},"point_estimate":9579362.594934203,"standard_error":17832711.66365585},"slope":{"confidence_interval":{"confidence_level":0.95,"lower_bound":9023149039.0681,"upper_bound":9086742892.229698},"point_estimate":9055883278.701298,"standard_error":16891451.17477064},"std_dev":{"confidence_interval":{"confidence_level":0.95,"lower_bound":13768431.486793432,"upper_bound":38314589.39084446},"point_estimate":29515708.57295288,"standard_error":6229523.777266442}}