{"mean":{"confidence_interval":{"confidence_level":0.95,"lower_bound":7616289322.5,"upper_bound":7718437972.5},"point_estimate":7665333720.0,"standard_error":26105033.204777993},"median":{"confidence_interval":{"confidence_level":0.95,"lower_bound":7591318500.0,"upper_bound":7708040600.0},"point_estimate":7671487100.0,"standard_error":35988007.54296101},"median_abs_dev":{"confidence_interval":{"confidence_level":0.95,"lower_bound":22448342.72146225,"upper_bound":163178807.86299706},"point_estimate":99730497.20942974,"standard_error":36114269.310907334},"slope":null,"std_dev":{"confidence_interval":{"confidence_level":0.95,"lower_bound":56828843.961137734,"upper_bound":133444782.31808408},"point_estimate":104399170.98433301,"standard_error":19396953.31364661}}