{"mean":{"confidence_interval":{"confidence_level":0.95,"lower_bound":1918486053.845,"upper_bound":1972486972.4366667},"point_estimate":1944815677.8,"standard_error":13765565.582970357},"median":{"confidence_interval":{"confidence_level":0.95,"lower_bound":1890204625.0,"upper_bound":1975844125.0},"point_estimate":1952889459.0,"standard_error":20497722.100032218},"median_abs_dev":{"confidence_interval":{"confidence_level":0.95,"lower_bound":21949892.61031151,"upper_bound":108601066.31614566},"point_estimate":62320350.07619262,"standard_error":20289018.481270686},"slope":null,"std_dev":{"confidence_interval":{"confidence_level":0.95,"lower_bound":35585726.75514173,"upper_bound":67996389.96399546},"point_estimate":55383747.84459186,"standard_error":8273819.453331622}}