{"mean":{"confidence_interval":{"confidence_level":0.95,"lower_bound":1550891220.0,"upper_bound":1630867133.0},"point_estimate":1590267760.0,"standard_error":20516933.840999663},"median":{"confidence_interval":{"confidence_level":0.95,"lower_bound":1522174200.0,"upper_bound":1663415050.0},"point_estimate":1577355650.0,"standard_error":43835069.615298785},"median_abs_dev":{"confidence_interval":{"confidence_level":0.95,"lower_bound":5787477.2572517395,"upper_bound":106747198.1048584},"point_estimate":87788228.55144739,"standard_error":30307520.6270463},"slope":null,"std_dev":{"confidence_interval":{"confidence_level":0.95,"lower_bound":46058646.409194686,"upper_bound":76760366.00594746},"point_estimate":68703987.09643503,"standard_error":7863700.166171454}}