{"mean":{"confidence_interval":{"confidence_level":0.95,"lower_bound":2813275816.4833336,"upper_bound":2901165197.95},"point_estimate":2858065130.5333333,"standard_error":22438100.168801505},"median":{"confidence_interval":{"confidence_level":0.95,"lower_bound":2799686000.0,"upper_bound":2915625083.0},"point_estimate":2855780583.0,"standard_error":30730506.24235369},"median_abs_dev":{"confidence_interval":{"confidence_level":0.95,"lower_bound":29756275.177520514,"upper_bound":142135006.22659922},"point_estimate":86272802.33175159,"standard_error":29299472.287673403},"slope":null,"std_dev":{"confidence_interval":{"confidence_level":0.95,"lower_bound":54704888.54624088,"upper_bound":115934038.31470688},"point_estimate":90191465.3928259,"standard_error":15841736.133379437}}