{"mean":{"confidence_interval":{"confidence_level":0.95,"lower_bound":2854022454.09,"upper_bound":2906499213.4266667},"point_estimate":2879698663.8,"standard_error":13461771.568576422},"median":{"confidence_interval":{"confidence_level":0.95,"lower_bound":2849149958.0,"upper_bound":2915791375.0},"point_estimate":2871352500.0,"standard_error":19147879.618510738},"median_abs_dev":{"confidence_interval":{"confidence_level":0.95,"lower_bound":15389510.782581568,"upper_bound":91572231.39926791},"point_estimate":48306998.96737933,"standard_error":22463466.415058807},"slope":null,"std_dev":{"confidence_interval":{"confidence_level":0.95,"lower_bound":35626429.52871262,"upper_bound":65590312.59857152},"point_estimate":54289992.949577115,"standard_error":7610438.228765784}}