{"mean":{"confidence_interval":{"confidence_level":0.95,"lower_bound":1551767888.9833333,"upper_bound":1567117693.2033334},"point_estimate":1559728529.4666667,"standard_error":3930578.6590579976},"median":{"confidence_interval":{"confidence_level":0.95,"lower_bound":1546025581.0,"upper_bound":1569479547.0},"point_estimate":1564527227.0,"standard_error":5950718.469336739},"median_abs_dev":{"confidence_interval":{"confidence_level":0.95,"lower_bound":5015832.896751165,"upper_bound":24816435.90762019},"point_estimate":16440540.729922056,"standard_error":5705004.689339982},"slope":null,"std_dev":{"confidence_interval":{"confidence_level":0.95,"lower_bound":10307805.069477784,"upper_bound":18954954.17033733},"point_estimate":15737010.871803567,"standard_error":2199596.923268705}}