{"mean":{"confidence_interval":{"confidence_level":0.95,"lower_bound":1813796830.075,"upper_bound":1853987006.4983335},"point_estimate":1834026430.6,"standard_error":10261030.990133537},"median":{"confidence_interval":{"confidence_level":0.95,"lower_bound":1796211709.0,"upper_bound":1873610958.0},"point_estimate":1837482042.0,"standard_error":15731578.596809404},"median_abs_dev":{"confidence_interval":{"confidence_level":0.95,"lower_bound":14132821.979892254,"upper_bound":75408988.75542283},"point_estimate":53564729.91063595,"standard_error":15158686.786242897},"slope":null,"std_dev":{"confidence_interval":{"confidence_level":0.95,"lower_bound":28940291.38936223,"upper_bound":48409578.53302519},"point_estimate":41130495.338547744,"standard_error":4966735.088460713}}