{"mean":{"confidence_interval":{"confidence_level":0.95,"lower_bound":936432343.3683333,"upper_bound":952649692.7049999},"point_estimate":944407002.2,"standard_error":4167545.008892524},"median":{"confidence_interval":{"confidence_level":0.95,"lower_bound":931856392.0,"upper_bound":959405769.0},"point_estimate":937254982.0,"standard_error":7625446.7816593405},"median_abs_dev":{"confidence_interval":{"confidence_level":0.95,"lower_bound":5325825.2774477005,"upper_bound":27796989.660304785},"point_estimate":17073256.577289104,"standard_error":5759126.507002885},"slope":null,"std_dev":{"confidence_interval":{"confidence_level":0.95,"lower_bound":11703643.757271457,"upper_bound":19469407.502646748},"point_estimate":16660761.529614113,"standard_error":1975932.9569931221}}