{"mean":{"confidence_interval":{"confidence_level":0.95,"lower_bound":1896650310.0900002,"upper_bound":1902611622.74},"point_estimate":1899273877.9333334,"standard_error":1541477.0619642062},"median":{"confidence_interval":{"confidence_level":0.95,"lower_bound":1896638375.0,"upper_bound":1901886459.0},"point_estimate":1896937667.0,"standard_error":1217631.8369355644},"median_abs_dev":{"confidence_interval":{"confidence_level":0.95,"lower_bound":443730.3113222122,"upper_bound":7023261.400312185},"point_estimate":3757093.658298254,"standard_error":1569730.062215236},"slope":null,"std_dev":{"confidence_interval":{"confidence_level":0.95,"lower_bound":2384578.588688474,"upper_bound":8969238.648907023},"point_estimate":6185611.438508582,"standard_error":1860494.834846054}}