{"mean":{"confidence_interval":{"confidence_level":0.95,"lower_bound":3002526152.3333335,"upper_bound":3034259773.3333335},"point_estimate":3017952440.0,"standard_error":8111912.736440704},"median":{"confidence_interval":{"confidence_level":0.95,"lower_bound":2988111000.0,"upper_bound":3038703800.0},"point_estimate":3007003700.0,"standard_error":16120015.085146096},"median_abs_dev":{"confidence_interval":{"confidence_level":0.95,"lower_bound":9454984.812140465,"upper_bound":54902456.14528656},"point_estimate":40392101.94289684,"standard_error":11655509.847796043},"slope":null,"std_dev":{"confidence_interval":{"confidence_level":0.95,"lower_bound":21926728.345681272,"upper_bound":40116869.39978096},"point_estimate":32560373.565595694,"standard_error":4735393.219214642}}