{"mean":{"confidence_interval":{"confidence_level":0.95,"lower_bound":10369438789.035,"upper_bound":10413640848.951668},"point_estimate":10390143952.733334,"standard_error":11317337.412189119},"median":{"confidence_interval":{"confidence_level":0.95,"lower_bound":10351995500.0,"upper_bound":10407685792.0},"point_estimate":10392852792.0,"standard_error":17761595.410132583},"median_abs_dev":{"confidence_interval":{"confidence_level":0.95,"lower_bound":9593409.24128294,"upper_bound":78074331.37550354},"point_estimate":45301152.05914378,"standard_error":18122340.436254293},"slope":null,"std_dev":{"confidence_interval":{"confidence_level":0.95,"lower_bound":24212809.743763216,"upper_bound":58245255.29979075},"point_estimate":45420943.51933029,"standard_error":8900015.108758014}}