{"mean":{"confidence_interval":{"confidence_level":0.95,"lower_bound":10086320627.998333,"upper_bound":10161950349.556665},"point_estimate":10121828994.533333,"standard_error":19281397.861465417},"median":{"confidence_interval":{"confidence_level":0.95,"lower_bound":10075305792.0,"upper_bound":10155966625.0},"point_estimate":10118971042.0,"standard_error":20411349.49392395},"median_abs_dev":{"confidence_interval":{"confidence_level":0.95,"lower_bound":24464319.8964715,"upper_bound":102422021.06244564},"point_estimate":63068259.49371457,"standard_error":19089345.85465048},"slope":null,"std_dev":{"confidence_interval":{"confidence_level":0.95,"lower_bound":37820223.18083362,"upper_bound":107969151.19191286},"point_estimate":77150351.21882771,"standard_error":19085551.24935939}}