{"mean":{"confidence_interval":{"confidence_level":0.95,"lower_bound":2803538774.866667,"upper_bound":2903385400.8416667},"point_estimate":2849517655.4,"standard_error":25780108.732438248},"median":{"confidence_interval":{"confidence_level":0.95,"lower_bound":2783109750.0,"upper_bound":2860003458.0},"point_estimate":2808301500.0,"standard_error":23682076.049639784},"median_abs_dev":{"confidence_interval":{"confidence_level":0.95,"lower_bound":17248692.632174492,"upper_bound":135670066.77217484},"point_estimate":59016745.20224333,"standard_error":31284617.436696846},"slope":null,"std_dev":{"confidence_interval":{"confidence_level":0.95,"lower_bound":45498629.5960999,"upper_bound":134210567.11799307},"point_estimate":104005191.78915836,"standard_error":22704907.666618798}}