{"mean":{"confidence_interval":{"confidence_level":0.95,"lower_bound":1442132566.8,"upper_bound":1475458991.9599998},"point_estimate":1456760208.6,"standard_error":8604420.019334625},"median":{"confidence_interval":{"confidence_level":0.95,"lower_bound":1436346667.0,"upper_bound":1465472417.0},"point_estimate":1442414584.0,"standard_error":6442158.316534832},"median_abs_dev":{"confidence_interval":{"confidence_level":0.95,"lower_bound":3511229.6568632126,"upper_bound":37967469.80674267},"point_estimate":10040539.154344797,"standard_error":9374614.47249958},"slope":null,"std_dev":{"confidence_interval":{"confidence_level":0.95,"lower_bound":11224510.159513395,"upper_bound":49024338.27235903},"point_estimate":34373414.699469656,"standard_error":10147371.775184209}}