{"mean":{"confidence_interval":{"confidence_level":0.95,"lower_bound":1523669652.1383333,"upper_bound":1528835301.2},"point_estimate":1526375558.3333333,"standard_error":1322403.6090017948},"median":{"confidence_interval":{"confidence_level":0.95,"lower_bound":1523831416.0,"upper_bound":1531042833.0},"point_estimate":1525567083.0,"standard_error":2151268.039283785},"median_abs_dev":{"confidence_interval":{"confidence_level":0.95,"lower_bound":1433549.6361494064,"upper_bound":8545583.19248557},"point_estimate":5720613.481038809,"standard_error":1908203.607692642},"slope":null,"std_dev":{"confidence_interval":{"confidence_level":0.95,"lower_bound":3127603.0213432354,"upper_bound":6905897.1810046565},"point_estimate":5287086.521220665,"standard_error":1006130.5605216948}}