{"mean":{"confidence_interval":{"confidence_level":0.95,"lower_bound":10497252760.928333,"upper_bound":10554281767.679998},"point_estimate":10525177613.8,"standard_error":14559037.197985021},"median":{"confidence_interval":{"confidence_level":0.95,"lower_bound":10487879500.0,"upper_bound":10562240417.0},"point_estimate":10509834542.0,"standard_error":15253457.797530985},"median_abs_dev":{"confidence_interval":{"confidence_level":0.95,"lower_bound":10334835.249119997,"upper_bound":88514554.27855253},"point_estimate":40622560.24800539,"standard_error":22187241.202603906},"slope":null,"std_dev":{"confidence_interval":{"confidence_level":0.95,"lower_bound":34560329.16101923,"upper_bound":73675349.0589066},"point_estimate":58267211.28230979,"standard_error":9882579.327475335}}