{"mean":{"confidence_interval":{"confidence_level":0.95,"lower_bound":1699967436.1100001,"upper_bound":1767464395.4266667},"point_estimate":1732736080.5333333,"standard_error":17266849.527164627},"median":{"confidence_interval":{"confidence_level":0.95,"lower_bound":1691280709.0,"upper_bound":1791767542.0},"point_estimate":1734119000.0,"standard_error":21764451.881830584},"median_abs_dev":{"confidence_interval":{"confidence_level":0.95,"lower_bound":22271493.748801947,"upper_bound":112472011.79162264},"point_estimate":63512049.10903573,"standard_error":22047227.48818648},"slope":null,"std_dev":{"confidence_interval":{"confidence_level":0.95,"lower_bound":42174009.93786131,"upper_bound":89320911.39954542},"point_estimate":69227517.61192179,"standard_error":12324065.931177462}}