{"mean":{"confidence_interval":{"confidence_level":0.95,"lower_bound":2018984025.2033334,"upper_bound":2044133950.7966666},"point_estimate":2032076839.8,"standard_error":6457429.522725262},"median":{"confidence_interval":{"confidence_level":0.95,"lower_bound":2021315348.0,"upper_bound":2050764883.0},"point_estimate":2032052621.0,"standard_error":6716882.891610919},"median_abs_dev":{"confidence_interval":{"confidence_level":0.95,"lower_bound":8063373.481446505,"upper_bound":35962284.476941824},"point_estimate":18409096.944773197,"standard_error":7515964.987812385},"slope":null,"std_dev":{"confidence_interval":{"confidence_level":0.95,"lower_bound":13782283.19583058,"upper_bound":34633999.29660394},"point_estimate":25818067.54043693,"standard_error":5439048.936232556}}