{"mean":{"confidence_interval":{"confidence_level":0.95,"lower_bound":2768178696.3433332,"upper_bound":2820919400.723333},"point_estimate":2794189758.3333335,"standard_error":13467950.076630969},"median":{"confidence_interval":{"confidence_level":0.95,"lower_bound":2747296125.0,"upper_bound":2854097500.0},"point_estimate":2798667584.0,"standard_error":23882583.715681892},"median_abs_dev":{"confidence_interval":{"confidence_level":0.95,"lower_bound":18602490.25053978,"upper_bound":90533176.41191483},"point_estimate":82180392.00260639,"standard_error":19136508.0385282},"slope":null,"std_dev":{"confidence_interval":{"confidence_level":0.95,"lower_bound":38768750.184605435,"upper_bound":63140289.784495674},"point_estimate":54124057.4799128,"standard_error":6222880.060921166}}