{"mean":{"confidence_interval":{"confidence_level":0.95,"lower_bound":2768914810.6883335,"upper_bound":2860859502.4266663},"point_estimate":2812865139.133333,"standard_error":23528317.688084073},"median":{"confidence_interval":{"confidence_level":0.95,"lower_bound":2752266209.0,"upper_bound":2845662459.0},"point_estimate":2808097167.0,"standard_error":25500784.417944457},"median_abs_dev":{"confidence_interval":{"confidence_level":0.95,"lower_bound":31178275.359874964,"upper_bound":134325781.51524067},"point_estimate":78631480.58481216,"standard_error":25512630.125846278},"slope":null,"std_dev":{"confidence_interval":{"confidence_level":0.95,"lower_bound":51185322.27016391,"upper_bound":127718486.93055747},"point_estimate":94470304.17008314,"standard_error":20652537.981997315}}