{"mean":{"confidence_interval":{"confidence_level":0.95,"lower_bound":636194105.4266667,"upper_bound":644020305.2233334},"point_estimate":639625813.8,"standard_error":2024846.3984905218},"median":{"confidence_interval":{"confidence_level":0.95,"lower_bound":634502500.0,"upper_bound":643186250.0},"point_estimate":635827833.0,"standard_error":2323888.9209302543},"median_abs_dev":{"confidence_interval":{"confidence_level":0.95,"lower_bound":955041.9772446156,"upper_bound":9656111.359369755},"point_estimate":3496712.037920952,"standard_error":2505041.3997266483},"slope":null,"std_dev":{"confidence_interval":{"confidence_level":0.95,"lower_bound":3373906.937132323,"upper_bound":11660447.99759199},"point_estimate":8091927.527898221,"standard_error":2371097.5239149737}}