{"mean":{"confidence_interval":{"confidence_level":0.95,"lower_bound":1733959543.2366667,"upper_bound":1739172733.4666667},"point_estimate":1736633894.5333333,"standard_error":1331587.6581341159},"median":{"confidence_interval":{"confidence_level":0.95,"lower_bound":1730428375.0,"upper_bound":1740763667.0},"point_estimate":1738298708.0,"standard_error":1960796.550727133},"median_abs_dev":{"confidence_interval":{"confidence_level":0.95,"lower_bound":1762193.1245148182,"upper_bound":9303995.348221064},"point_estimate":5416741.273033619,"standard_error":1826197.2646655391},"slope":null,"std_dev":{"confidence_interval":{"confidence_level":0.95,"lower_bound":3562158.7260107268,"upper_bound":6354931.407658896},"point_estimate":5322493.89703578,"standard_error":703454.4949840438}}