{"mean":{"confidence_interval":{"confidence_level":0.95,"lower_bound":645690994.6933333,"upper_bound":672162142.1316667},"point_estimate":658906019.4666667,"standard_error":6777222.171788182},"median":{"confidence_interval":{"confidence_level":0.95,"lower_bound":636524375.0,"upper_bound":680805417.0},"point_estimate":655766709.0,"standard_error":14463020.255855212},"median_abs_dev":{"confidence_interval":{"confidence_level":0.95,"lower_bound":13528477.16562152,"upper_bound":45448915.38552046},"point_estimate":37122387.82174587,"standard_error":8940296.36356141},"slope":null,"std_dev":{"confidence_interval":{"confidence_level":0.95,"lower_bound":20239424.991021436,"upper_bound":31544539.557771645},"point_estimate":27298111.470207006,"standard_error":2892342.0079884916}}