{"mean":{"confidence_interval":{"confidence_level":0.95,"lower_bound":623200115.7616667,"upper_bound":640493206.1533333},"point_estimate":630422661.2,"standard_error":4535996.695986678},"median":{"confidence_interval":{"confidence_level":0.95,"lower_bound":620170875.0,"upper_bound":630094500.0},"point_estimate":626656042.0,"standard_error":3005903.241920845},"median_abs_dev":{"confidence_interval":{"confidence_level":0.95,"lower_bound":2349304.196691513,"upper_bound":14305915.52681923},"point_estimate":9208057.786524296,"standard_error":3403380.724855965},"slope":null,"std_dev":{"confidence_interval":{"confidence_level":0.95,"lower_bound":4623378.456128786,"upper_bound":27458341.877091233},"point_estimate":18255088.982717242,"standard_error":6681714.422798981}}