{"mean":{"confidence_interval":{"confidence_level":0.95,"lower_bound":3986037871.483333,"upper_bound":4003134952.2766666},"point_estimate":3994716216.5333333,"standard_error":4375861.459755176},"median":{"confidence_interval":{"confidence_level":0.95,"lower_bound":3975808625.0,"upper_bound":4003884500.0},"point_estimate":3998020125.0,"standard_error":6122551.261420736},"median_abs_dev":{"confidence_interval":{"confidence_level":0.95,"lower_bound":4030941.734236479,"upper_bound":32498962.073028088},"point_estimate":11981014.925694466,"standard_error":8271588.048158769},"slope":null,"std_dev":{"confidence_interval":{"confidence_level":0.95,"lower_bound":11565143.141138088,"upper_bound":21335108.36252772},"point_estimate":17497375.102690306,"standard_error":2485174.816897431}}