{"mean":{"confidence_interval":{"confidence_level":0.95,"lower_bound":2320487953.9333334,"upper_bound":2454866076.266667},"point_estimate":2392505822.2,"standard_error":34434052.73077746},"median":{"confidence_interval":{"confidence_level":0.95,"lower_bound":2330525240.0,"upper_bound":2472733003.0},"point_estimate":2445945989.0,"standard_error":35108349.49543172},"median_abs_dev":{"confidence_interval":{"confidence_level":0.95,"lower_bound":23653824.00366068,"upper_bound":210837225.680691},"point_estimate":74388994.07333136,"standard_error":45981831.375012666},"slope":null,"std_dev":{"confidence_interval":{"confidence_level":0.95,"lower_bound":65367939.9968659,"upper_bound":169031969.3105773},"point_estimate":137120884.36220405,"standard_error":24778631.1059517}}