{"mean":{"confidence_interval":{"confidence_level":0.95,"lower_bound":2589024271.5,"upper_bound":2621566823.1666665},"point_estimate":2604838693.3333335,"standard_error":8328654.822240433},"median":{"confidence_interval":{"confidence_level":0.95,"lower_bound":2584752400.0,"upper_bound":2617093200.0},"point_estimate":2599519200.0,"standard_error":8049567.319941772},"median_abs_dev":{"confidence_interval":{"confidence_level":0.95,"lower_bound":4161509.866118431,"upper_bound":52340078.610777855},"point_estimate":26055211.93742752,"standard_error":10695069.409509074},"slope":null,"std_dev":{"confidence_interval":{"confidence_level":0.95,"lower_bound":18041018.42863429,"upper_bound":44977317.93576256},"point_estimate":33408583.212198343,"standard_error":7085308.57082105}}