{"mean":{"confidence_interval":{"confidence_level":0.95,"lower_bound":1595279232.9666665,"upper_bound":1599955318.1000001},"point_estimate":1597456488.9333334,"standard_error":1188328.5889364013},"median":{"confidence_interval":{"confidence_level":0.95,"lower_bound":1595161084.0,"upper_bound":1599059875.0},"point_estimate":1596282333.0,"standard_error":1016264.5181901392},"median_abs_dev":{"confidence_interval":{"confidence_level":0.95,"lower_bound":793005.6609213352,"upper_bound":6573290.82570076},"point_estimate":3693527.1844267845,"standard_error":1446186.0500934513},"slope":null,"std_dev":{"confidence_interval":{"confidence_level":0.95,"lower_bound":2353827.6758051664,"upper_bound":6484055.449434412},"point_estimate":4747149.946305279,"standard_error":1097551.9172441557}}