{"mean":{"confidence_interval":{"confidence_level":0.95,"lower_bound":1638242570.2616665,"upper_bound":1668266509.6766667},"point_estimate":1652103247.1333334,"standard_error":7713134.033459344},"median":{"confidence_interval":{"confidence_level":0.95,"lower_bound":1630283167.0,"upper_bound":1682223292.0},"point_estimate":1642894500.0,"standard_error":8939515.010125216},"median_abs_dev":{"confidence_interval":{"confidence_level":0.95,"lower_bound":4690265.803331137,"upper_bound":32711159.194260836},"point_estimate":18845142.940431833,"standard_error":9551564.125571866},"slope":null,"std_dev":{"confidence_interval":{"confidence_level":0.95,"lower_bound":14826151.969756834,"upper_bound":40013781.95947022},"point_estimate":31043318.154053476,"standard_error":6405780.732319198}}