{"mean":{"confidence_interval":{"confidence_level":0.95,"lower_bound":2024667743.0316668,"upper_bound":2055863403.78},"point_estimate":2036811211.1333334,"standard_error":8537157.852709344},"median":{"confidence_interval":{"confidence_level":0.95,"lower_bound":2024680875.0,"upper_bound":2035666791.0},"point_estimate":2029198292.0,"standard_error":3344164.9505361044},"median_abs_dev":{"confidence_interval":{"confidence_level":0.95,"lower_bound":2929371.436393261,"upper_bound":16593567.286205292},"point_estimate":7900342.340540886,"standard_error":3625194.9729228574},"slope":null,"std_dev":{"confidence_interval":{"confidence_level":0.95,"lower_bound":6575777.8325986015,"upper_bound":54538003.49884268},"point_estimate":34210567.41876118,"standard_error":15897309.867009742}}