{"mean":{"confidence_interval":{"confidence_level":0.95,"lower_bound":1704308324.8333335,"upper_bound":1729868793.3333333},"point_estimate":1716416900.0,"standard_error":6560110.855626247},"median":{"confidence_interval":{"confidence_level":0.95,"lower_bound":1696601000.0,"upper_bound":1722557400.0},"point_estimate":1708829800.0,"standard_error":8963010.406326735},"median_abs_dev":{"confidence_interval":{"confidence_level":0.95,"lower_bound":5049438.990354538,"upper_bound":40708340.517282486},"point_estimate":20352539.398670197,"standard_error":8362815.38085383},"slope":null,"std_dev":{"confidence_interval":{"confidence_level":0.95,"lower_bound":14813362.526643284,"upper_bound":32600571.73862651},"point_estimate":26286088.543997128,"standard_error":4482595.45934119}}